,left_gpt2_score,left_cnn_score,right_gpt2_score,right_cnn_score,distance_score,left_distance_score,left_hypothesis,right_hypothesis,right_distance_score
0,38.57511901855469,0.0,40.64543914794922,0.0,1,2,B at flack,B atflack,1
1,38.57511901855469,0.0,40.64543914794922,0.0,1,2,B at flack,B atflack,1
2,38.57511901855469,0.0,40.64543914794922,0.0,1,2,B at flack,B atflack,1
3,38.57511901855469,0.0,36.786155700683594,0.0,2,2,B at flack,Batflack,0
4,38.57511901855469,0.0,36.786155700683594,0.0,2,2,B at flack,Batflack,0
5,38.57511901855469,0.0,36.786155700683594,0.0,2,2,B at flack,Batflack,0
6,38.57511901855469,0.0,38.336219787597656,0.0,1,2,B at flack,Bat flack,1
7,38.57511901855469,0.0,38.336219787597656,0.0,1,2,B at flack,Bat flack,1
8,38.57511901855469,0.0,38.336219787597656,0.0,1,2,B at flack,Bat flack,1
9,40.64543914794922,0.0,38.57511901855469,0.0,-1,1,B atflack,B at flack,2
10,40.64543914794922,0.0,38.57511901855469,0.0,-1,1,B atflack,B at flack,2
11,40.64543914794922,0.0,38.57511901855469,0.0,-1,1,B atflack,B at flack,2
12,40.64543914794922,0.0,38.336219787597656,0.0,0,1,B atflack,Bat flack,1
13,40.64543914794922,0.0,38.336219787597656,0.0,0,1,B atflack,Bat flack,1
14,40.64543914794922,0.0,38.336219787597656,0.0,0,1,B atflack,Bat flack,1
15,40.64543914794922,0.0,36.786155700683594,0.0,1,1,B atflack,Batflack,0
16,40.64543914794922,0.0,36.786155700683594,0.0,1,1,B atflack,Batflack,0
17,40.64543914794922,0.0,36.786155700683594,0.0,1,1,B atflack,Batflack,0
18,38.336219787597656,0.0,38.57511901855469,0.0,-1,1,Bat flack,B at flack,2
19,38.336219787597656,0.0,38.57511901855469,0.0,-1,1,Bat flack,B at flack,2
20,38.336219787597656,0.0,38.57511901855469,0.0,-1,1,Bat flack,B at flack,2
21,38.336219787597656,0.0,40.64543914794922,0.0,0,1,Bat flack,B atflack,1
22,38.336219787597656,0.0,40.64543914794922,0.0,0,1,Bat flack,B atflack,1
23,38.336219787597656,0.0,40.64543914794922,0.0,0,1,Bat flack,B atflack,1
24,38.336219787597656,0.0,36.786155700683594,0.0,1,1,Bat flack,Batflack,0
25,38.336219787597656,0.0,36.786155700683594,0.0,1,1,Bat flack,Batflack,0
26,38.336219787597656,0.0,36.786155700683594,0.0,1,1,Bat flack,Batflack,0
27,36.786155700683594,0.0,40.64543914794922,0.0,-1,0,Batflack,B atflack,1
28,36.786155700683594,0.0,40.64543914794922,0.0,-1,0,Batflack,B atflack,1
29,36.786155700683594,0.0,40.64543914794922,0.0,-1,0,Batflack,B atflack,1
30,36.786155700683594,0.0,38.336219787597656,0.0,-1,0,Batflack,Bat flack,1
31,36.786155700683594,0.0,38.336219787597656,0.0,-1,0,Batflack,Bat flack,1
32,36.786155700683594,0.0,38.336219787597656,0.0,-1,0,Batflack,Bat flack,1
33,36.786155700683594,0.0,38.57511901855469,0.0,-2,0,Batflack,B at flack,2
34,36.786155700683594,0.0,38.57511901855469,0.0,-2,0,Batflack,B at flack,2
35,36.786155700683594,0.0,38.57511901855469,0.0,-2,0,Batflack,B at flack,2
36,45.108543395996094,0.0,46.58613967895508,0.0,1,2,Dele a norrie,Delea norrie,1
37,45.108543395996094,0.0,46.58613967895508,0.0,1,2,Dele a norrie,Delea norrie,1
38,45.108543395996094,0.0,46.58613967895508,0.0,1,2,Dele a norrie,Delea norrie,1
39,45.108543395996094,0.0,46.909271240234375,0.0,0,2,Dele a norrie,Dele an orrie,2
40,45.108543395996094,0.0,46.909271240234375,0.0,0,2,Dele a norrie,Dele an orrie,2
41,45.108543395996094,0.0,46.909271240234375,0.0,0,2,Dele a norrie,Dele an orrie,2
42,45.108543395996094,0.0,42.20360565185547,0.0,2,2,Dele a norrie,Deleanorrie,0
43,45.108543395996094,0.0,42.20360565185547,0.0,2,2,Dele a norrie,Deleanorrie,0
44,45.108543395996094,0.0,42.20360565185547,0.0,2,2,Dele a norrie,Deleanorrie,0
45,46.909271240234375,0.0,45.108543395996094,0.0,0,2,Dele an orrie,Dele a norrie,2
46,46.909271240234375,0.0,45.108543395996094,0.0,0,2,Dele an orrie,Dele a norrie,2
47,46.909271240234375,0.0,45.108543395996094,0.0,0,2,Dele an orrie,Dele a norrie,2
48,46.909271240234375,0.0,42.20360565185547,0.0,2,2,Dele an orrie,Deleanorrie,0
49,46.909271240234375,0.0,42.20360565185547,0.0,2,2,Dele an orrie,Deleanorrie,0
50,46.909271240234375,0.0,42.20360565185547,0.0,2,2,Dele an orrie,Deleanorrie,0
51,46.909271240234375,0.0,46.58613967895508,0.0,1,2,Dele an orrie,Delea norrie,1
52,46.909271240234375,0.0,46.58613967895508,0.0,1,2,Dele an orrie,Delea norrie,1
53,46.909271240234375,0.0,46.58613967895508,0.0,1,2,Dele an orrie,Delea norrie,1
54,46.58613967895508,0.0,46.909271240234375,0.0,-1,1,Delea norrie,Dele an orrie,2
55,46.58613967895508,0.0,46.909271240234375,0.0,-1,1,Delea norrie,Dele an orrie,2
56,46.58613967895508,0.0,46.909271240234375,0.0,-1,1,Delea norrie,Dele an orrie,2
57,46.58613967895508,0.0,45.108543395996094,0.0,-1,1,Delea norrie,Dele a norrie,2
58,46.58613967895508,0.0,45.108543395996094,0.0,-1,1,Delea norrie,Dele a norrie,2
59,46.58613967895508,0.0,45.108543395996094,0.0,-1,1,Delea norrie,Dele a norrie,2
60,46.58613967895508,0.0,42.20360565185547,0.0,1,1,Delea norrie,Deleanorrie,0
61,46.58613967895508,0.0,42.20360565185547,0.0,1,1,Delea norrie,Deleanorrie,0
62,46.58613967895508,0.0,42.20360565185547,0.0,1,1,Delea norrie,Deleanorrie,0
63,42.20360565185547,0.0,46.58613967895508,0.0,-1,0,Deleanorrie,Delea norrie,1
64,42.20360565185547,0.0,46.58613967895508,0.0,-1,0,Deleanorrie,Delea norrie,1
65,42.20360565185547,0.0,46.58613967895508,0.0,-1,0,Deleanorrie,Delea norrie,1
66,42.20360565185547,0.0,46.909271240234375,0.0,-2,0,Deleanorrie,Dele an orrie,2
67,42.20360565185547,0.0,46.909271240234375,0.0,-2,0,Deleanorrie,Dele an orrie,2
68,42.20360565185547,0.0,46.909271240234375,0.0,-2,0,Deleanorrie,Dele an orrie,2
69,42.20360565185547,0.0,45.108543395996094,0.0,-2,0,Deleanorrie,Dele a norrie,2
70,42.20360565185547,0.0,45.108543395996094,0.0,-2,0,Deleanorrie,Dele a norrie,2
71,42.20360565185547,0.0,45.108543395996094,0.0,-2,0,Deleanorrie,Dele a norrie,2
72,35.13788986206055,0.0,27.458362579345703,0.0,1,1,a ward show,award show,0
73,35.13788986206055,0.0,27.458362579345703,0.0,1,1,a ward show,award show,0
74,35.13788986206055,0.0,27.458362579345703,0.0,1,1,a ward show,award show,0
75,35.13788986206055,0.0,30.2532958984375,0.0,-1,1,a ward show,awards how,2
76,35.13788986206055,0.0,30.2532958984375,0.0,-1,1,a ward show,awards how,2
77,35.13788986206055,0.0,30.2532958984375,0.0,-1,1,a ward show,awards how,2
78,35.13788986206055,0.0,29.167850494384766,0.0,0,1,a ward show,awardshow,1
79,35.13788986206055,0.0,29.167850494384766,0.0,0,1,a ward show,awardshow,1
80,35.13788986206055,0.0,29.167850494384766,0.0,0,1,a ward show,awardshow,1
81,27.458362579345703,0.0,35.13788986206055,0.0,-1,0,award show,a ward show,1
82,27.458362579345703,0.0,35.13788986206055,0.0,-1,0,award show,a ward show,1
83,27.458362579345703,0.0,35.13788986206055,0.0,-1,0,award show,a ward show,1
84,27.458362579345703,0.0,30.2532958984375,0.0,-2,0,award show,awards how,2
85,27.458362579345703,0.0,30.2532958984375,0.0,-2,0,award show,awards how,2
86,27.458362579345703,0.0,30.2532958984375,0.0,-2,0,award show,awards how,2
87,27.458362579345703,0.0,29.167850494384766,0.0,-1,0,award show,awardshow,1
88,27.458362579345703,0.0,29.167850494384766,0.0,-1,0,award show,awardshow,1
89,27.458362579345703,0.0,29.167850494384766,0.0,-1,0,award show,awardshow,1
90,30.2532958984375,0.0,35.13788986206055,0.0,1,2,awards how,a ward show,1
91,30.2532958984375,0.0,35.13788986206055,0.0,1,2,awards how,a ward show,1
92,30.2532958984375,0.0,35.13788986206055,0.0,1,2,awards how,a ward show,1
93,30.2532958984375,0.0,27.458362579345703,0.0,2,2,awards how,award show,0
94,30.2532958984375,0.0,27.458362579345703,0.0,2,2,awards how,award show,0
95,30.2532958984375,0.0,27.458362579345703,0.0,2,2,awards how,award show,0
96,30.2532958984375,0.0,29.167850494384766,0.0,1,2,awards how,awardshow,1
97,30.2532958984375,0.0,29.167850494384766,0.0,1,2,awards how,awardshow,1
98,30.2532958984375,0.0,29.167850494384766,0.0,1,2,awards how,awardshow,1
99,29.167850494384766,0.0,27.458362579345703,0.0,1,1,awardshow,award show,0
100,29.167850494384766,0.0,27.458362579345703,0.0,1,1,awardshow,award show,0
101,29.167850494384766,0.0,27.458362579345703,0.0,1,1,awardshow,award show,0
102,29.167850494384766,0.0,30.2532958984375,0.0,-1,1,awardshow,awards how,2
103,29.167850494384766,0.0,30.2532958984375,0.0,-1,1,awardshow,awards how,2
104,29.167850494384766,0.0,30.2532958984375,0.0,-1,1,awardshow,awards how,2
105,29.167850494384766,0.0,35.13788986206055,0.0,0,1,awardshow,a ward show,1
106,29.167850494384766,0.0,35.13788986206055,0.0,0,1,awardshow,a ward show,1
107,29.167850494384766,0.0,35.13788986206055,0.0,0,1,awardshow,a ward show,1
108,36.31595993041992,0.0,39.545806884765625,0.0,-2,0,bad at references,badatreferences,2
109,36.31595993041992,0.0,39.545806884765625,0.0,-2,0,bad at references,badatreferences,2
110,36.31595993041992,0.0,39.545806884765625,0.0,-2,0,bad at references,badatreferences,2
111,36.31595993041992,0.0,40.45498275756836,0.0,-1,0,bad at references,bad atreferences,1
112,36.31595993041992,0.0,40.45498275756836,0.0,-1,0,bad at references,bad atreferences,1
113,36.31595993041992,0.0,40.45498275756836,0.0,-1,0,bad at references,bad atreferences,1
114,36.31595993041992,0.0,38.97754669189453,0.0,-1,0,bad at references,badat references,1
115,36.31595993041992,0.0,38.97754669189453,0.0,-1,0,bad at references,badat references,1
116,36.31595993041992,0.0,38.97754669189453,0.0,-1,0,bad at references,badat references,1
117,40.45498275756836,0.0,36.31595993041992,0.0,1,1,bad atreferences,bad at references,0
118,40.45498275756836,0.0,36.31595993041992,0.0,1,1,bad atreferences,bad at references,0
119,40.45498275756836,0.0,36.31595993041992,0.0,1,1,bad atreferences,bad at references,0
120,40.45498275756836,0.0,39.545806884765625,0.0,-1,1,bad atreferences,badatreferences,2
121,40.45498275756836,0.0,39.545806884765625,0.0,-1,1,bad atreferences,badatreferences,2
122,40.45498275756836,0.0,39.545806884765625,0.0,-1,1,bad atreferences,badatreferences,2
123,40.45498275756836,0.0,38.97754669189453,0.0,0,1,bad atreferences,badat references,1
124,40.45498275756836,0.0,38.97754669189453,0.0,0,1,bad atreferences,badat references,1
125,40.45498275756836,0.0,38.97754669189453,0.0,0,1,bad atreferences,badat references,1
126,38.97754669189453,0.0,39.545806884765625,0.0,-1,1,badat references,badatreferences,2
127,38.97754669189453,0.0,39.545806884765625,0.0,-1,1,badat references,badatreferences,2
128,38.97754669189453,0.0,39.545806884765625,0.0,-1,1,badat references,badatreferences,2
129,38.97754669189453,0.0,40.45498275756836,0.0,0,1,badat references,bad atreferences,1
130,38.97754669189453,0.0,40.45498275756836,0.0,0,1,badat references,bad atreferences,1
131,38.97754669189453,0.0,40.45498275756836,0.0,0,1,badat references,bad atreferences,1
132,38.97754669189453,0.0,36.31595993041992,0.0,1,1,badat references,bad at references,0
133,38.97754669189453,0.0,36.31595993041992,0.0,1,1,badat references,bad at references,0
134,38.97754669189453,0.0,36.31595993041992,0.0,1,1,badat references,bad at references,0
135,39.545806884765625,0.0,40.45498275756836,0.0,1,2,badatreferences,bad atreferences,1
136,39.545806884765625,0.0,40.45498275756836,0.0,1,2,badatreferences,bad atreferences,1
137,39.545806884765625,0.0,40.45498275756836,0.0,1,2,badatreferences,bad atreferences,1
138,39.545806884765625,0.0,38.97754669189453,0.0,1,2,badatreferences,badat references,1
139,39.545806884765625,0.0,38.97754669189453,0.0,1,2,badatreferences,badat references,1
140,39.545806884765625,0.0,38.97754669189453,0.0,1,2,badatreferences,badat references,1
141,39.545806884765625,0.0,36.31595993041992,0.0,2,2,badatreferences,bad at references,0
142,39.545806884765625,0.0,36.31595993041992,0.0,2,2,badatreferences,bad at references,0
143,39.545806884765625,0.0,36.31595993041992,0.0,2,2,badatreferences,bad at references,0
144,46.20693588256836,0.0,45.098487854003906,0.0,0,1,boxe r vs rain,boxer v s rain,1
145,46.20693588256836,0.0,45.098487854003906,0.0,0,1,boxe r vs rain,boxer v s rain,1
146,46.20693588256836,0.0,45.098487854003906,0.0,0,1,boxe r vs rain,boxer v s rain,1
147,46.20693588256836,0.0,40.75593185424805,0.0,0,1,boxe r vs rain,boxer vsrain,1
148,46.20693588256836,0.0,40.75593185424805,0.0,0,1,boxe r vs rain,boxer vsrain,1
149,46.20693588256836,0.0,40.75593185424805,0.0,0,1,boxe r vs rain,boxer vsrain,1
150,46.20693588256836,0.0,36.27250289916992,0.0,1,1,boxe r vs rain,boxer vs rain,0
151,46.20693588256836,0.0,36.27250289916992,0.0,1,1,boxe r vs rain,boxer vs rain,0
152,46.20693588256836,0.0,36.27250289916992,0.0,1,1,boxe r vs rain,boxer vs rain,0
153,45.098487854003906,0.0,36.27250289916992,0.0,1,1,boxer v s rain,boxer vs rain,0
154,45.098487854003906,0.0,36.27250289916992,0.0,1,1,boxer v s rain,boxer vs rain,0
155,45.098487854003906,0.0,36.27250289916992,0.0,1,1,boxer v s rain,boxer vs rain,0
156,45.098487854003906,0.0,40.75593185424805,0.0,0,1,boxer v s rain,boxer vsrain,1
157,45.098487854003906,0.0,40.75593185424805,0.0,0,1,boxer v s rain,boxer vsrain,1
158,45.098487854003906,0.0,40.75593185424805,0.0,0,1,boxer v s rain,boxer vsrain,1
159,45.098487854003906,0.0,46.20693588256836,0.0,0,1,boxer v s rain,boxe r vs rain,1
160,45.098487854003906,0.0,46.20693588256836,0.0,0,1,boxer v s rain,boxe r vs rain,1
161,45.098487854003906,0.0,46.20693588256836,0.0,0,1,boxer v s rain,boxe r vs rain,1
162,36.27250289916992,0.0,40.75593185424805,0.0,-1,0,boxer vs rain,boxer vsrain,1
163,36.27250289916992,0.0,40.75593185424805,0.0,-1,0,boxer vs rain,boxer vsrain,1
164,36.27250289916992,0.0,40.75593185424805,0.0,-1,0,boxer vs rain,boxer vsrain,1
165,36.27250289916992,0.0,46.20693588256836,0.0,-1,0,boxer vs rain,boxe r vs rain,1
166,36.27250289916992,0.0,46.20693588256836,0.0,-1,0,boxer vs rain,boxe r vs rain,1
167,36.27250289916992,0.0,46.20693588256836,0.0,-1,0,boxer vs rain,boxe r vs rain,1
168,36.27250289916992,0.0,45.098487854003906,0.0,-1,0,boxer vs rain,boxer v s rain,1
169,36.27250289916992,0.0,45.098487854003906,0.0,-1,0,boxer vs rain,boxer v s rain,1
170,36.27250289916992,0.0,45.098487854003906,0.0,-1,0,boxer vs rain,boxer v s rain,1
171,40.75593185424805,0.0,36.27250289916992,0.0,1,1,boxer vsrain,boxer vs rain,0
172,40.75593185424805,0.0,36.27250289916992,0.0,1,1,boxer vsrain,boxer vs rain,0
173,40.75593185424805,0.0,36.27250289916992,0.0,1,1,boxer vsrain,boxer vs rain,0
174,40.75593185424805,0.0,46.20693588256836,0.0,0,1,boxer vsrain,boxe r vs rain,1
175,40.75593185424805,0.0,46.20693588256836,0.0,0,1,boxer vsrain,boxe r vs rain,1
176,40.75593185424805,0.0,46.20693588256836,0.0,0,1,boxer vsrain,boxe r vs rain,1
177,40.75593185424805,0.0,45.098487854003906,0.0,0,1,boxer vsrain,boxer v s rain,1
178,40.75593185424805,0.0,45.098487854003906,0.0,0,1,boxer vsrain,boxer v s rain,1
179,40.75593185424805,0.0,45.098487854003906,0.0,0,1,boxer vsrain,boxer v s rain,1
180,35.313411712646484,0.0,32.6689338684082,0.0,0,1,c reative,creat ive,1
181,35.313411712646484,0.0,32.6689338684082,0.0,0,1,c reative,creat ive,1
182,35.313411712646484,0.0,32.6689338684082,0.0,0,1,c reative,creat ive,1
183,35.313411712646484,0.0,31.247848510742188,0.0,0,1,c reative,creativ e,1
184,35.313411712646484,0.0,31.247848510742188,0.0,0,1,c reative,creativ e,1
185,35.313411712646484,0.0,31.247848510742188,0.0,0,1,c reative,creativ e,1
186,35.313411712646484,0.0,21.035213470458984,0.0,1,1,c reative,creative,0
187,35.313411712646484,0.0,21.035213470458984,0.0,1,1,c reative,creative,0
188,35.313411712646484,0.0,21.035213470458984,0.0,1,1,c reative,creative,0
189,32.6689338684082,0.0,31.247848510742188,0.0,0,1,creat ive,creativ e,1
190,32.6689338684082,0.0,31.247848510742188,0.0,0,1,creat ive,creativ e,1
191,32.6689338684082,0.0,31.247848510742188,0.0,0,1,creat ive,creativ e,1
192,32.6689338684082,0.0,21.035213470458984,0.0,1,1,creat ive,creative,0
193,32.6689338684082,0.0,21.035213470458984,0.0,1,1,creat ive,creative,0
194,32.6689338684082,0.0,21.035213470458984,0.0,1,1,creat ive,creative,0
195,32.6689338684082,0.0,35.313411712646484,0.0,0,1,creat ive,c reative,1
196,32.6689338684082,0.0,35.313411712646484,0.0,0,1,creat ive,c reative,1
197,32.6689338684082,0.0,35.313411712646484,0.0,0,1,creat ive,c reative,1
198,31.247848510742188,0.0,32.6689338684082,0.0,0,1,creativ e,creat ive,1
199,31.247848510742188,0.0,32.6689338684082,0.0,0,1,creativ e,creat ive,1
200,31.247848510742188,0.0,32.6689338684082,0.0,0,1,creativ e,creat ive,1
201,31.247848510742188,0.0,21.035213470458984,0.0,1,1,creativ e,creative,0
202,31.247848510742188,0.0,21.035213470458984,0.0,1,1,creativ e,creative,0
203,31.247848510742188,0.0,21.035213470458984,0.0,1,1,creativ e,creative,0
204,31.247848510742188,0.0,35.313411712646484,0.0,0,1,creativ e,c reative,1
205,31.247848510742188,0.0,35.313411712646484,0.0,0,1,creativ e,c reative,1
206,31.247848510742188,0.0,35.313411712646484,0.0,0,1,creativ e,c reative,1
207,21.035213470458984,0.0,32.6689338684082,0.0,-1,0,creative,creat ive,1
208,21.035213470458984,0.0,32.6689338684082,0.0,-1,0,creative,creat ive,1
209,21.035213470458984,0.0,32.6689338684082,0.0,-1,0,creative,creat ive,1
210,21.035213470458984,0.0,35.313411712646484,0.0,-1,0,creative,c reative,1
211,21.035213470458984,0.0,35.313411712646484,0.0,-1,0,creative,c reative,1
212,21.035213470458984,0.0,35.313411712646484,0.0,-1,0,creative,c reative,1
213,21.035213470458984,0.0,31.247848510742188,0.0,-1,0,creative,creativ e,1
214,21.035213470458984,0.0,31.247848510742188,0.0,-1,0,creative,creativ e,1
215,21.035213470458984,0.0,31.247848510742188,0.0,-1,0,creative,creativ e,1
216,33.96841812133789,0.0,33.546592712402344,0.0,0,1,c ursing,curs ing,1
217,33.96841812133789,0.0,33.546592712402344,0.0,0,1,c ursing,curs ing,1
218,33.96841812133789,0.0,33.546592712402344,0.0,0,1,c ursing,curs ing,1
219,33.96841812133789,0.0,35.985355377197266,0.0,0,1,c ursing,cursin g,1
220,33.96841812133789,0.0,35.985355377197266,0.0,0,1,c ursing,cursin g,1
221,33.96841812133789,0.0,35.985355377197266,0.0,0,1,c ursing,cursin g,1
222,33.96841812133789,0.0,23.590808868408203,0.0,1,1,c ursing,cursing,0
223,33.96841812133789,0.0,23.590808868408203,0.0,1,1,c ursing,cursing,0
224,33.96841812133789,0.0,23.590808868408203,0.0,1,1,c ursing,cursing,0
225,33.546592712402344,0.0,33.96841812133789,0.0,0,1,curs ing,c ursing,1
226,33.546592712402344,0.0,33.96841812133789,0.0,0,1,curs ing,c ursing,1
227,33.546592712402344,0.0,33.96841812133789,0.0,0,1,curs ing,c ursing,1
228,33.546592712402344,0.0,35.985355377197266,0.0,0,1,curs ing,cursin g,1
229,33.546592712402344,0.0,35.985355377197266,0.0,0,1,curs ing,cursin g,1
230,33.546592712402344,0.0,35.985355377197266,0.0,0,1,curs ing,cursin g,1
231,33.546592712402344,0.0,23.590808868408203,0.0,1,1,curs ing,cursing,0
232,33.546592712402344,0.0,23.590808868408203,0.0,1,1,curs ing,cursing,0
233,33.546592712402344,0.0,23.590808868408203,0.0,1,1,curs ing,cursing,0
234,35.985355377197266,0.0,33.546592712402344,0.0,0,1,cursin g,curs ing,1
235,35.985355377197266,0.0,33.546592712402344,0.0,0,1,cursin g,curs ing,1
236,35.985355377197266,0.0,33.546592712402344,0.0,0,1,cursin g,curs ing,1
237,35.985355377197266,0.0,33.96841812133789,0.0,0,1,cursin g,c ursing,1
238,35.985355377197266,0.0,33.96841812133789,0.0,0,1,cursin g,c ursing,1
239,35.985355377197266,0.0,33.96841812133789,0.0,0,1,cursin g,c ursing,1
240,35.985355377197266,0.0,23.590808868408203,0.0,1,1,cursin g,cursing,0
241,35.985355377197266,0.0,23.590808868408203,0.0,1,1,cursin g,cursing,0
242,35.985355377197266,0.0,23.590808868408203,0.0,1,1,cursin g,cursing,0
243,23.590808868408203,0.0,35.985355377197266,0.0,-1,0,cursing,cursin g,1
244,23.590808868408203,0.0,35.985355377197266,0.0,-1,0,cursing,cursin g,1
245,23.590808868408203,0.0,35.985355377197266,0.0,-1,0,cursing,cursin g,1
246,23.590808868408203,0.0,33.546592712402344,0.0,-1,0,cursing,curs ing,1
247,23.590808868408203,0.0,33.546592712402344,0.0,-1,0,cursing,curs ing,1
248,23.590808868408203,0.0,33.546592712402344,0.0,-1,0,cursing,curs ing,1
249,23.590808868408203,0.0,33.96841812133789,0.0,-1,0,cursing,c ursing,1
250,23.590808868408203,0.0,33.96841812133789,0.0,-1,0,cursing,c ursing,1
251,23.590808868408203,0.0,33.96841812133789,0.0,-1,0,cursing,c ursing,1
252,37.4676399230957,0.0,23.26233673095703,0.0,1,1,c yclists,cyclists,0
253,37.4676399230957,0.0,23.26233673095703,0.0,1,1,c yclists,cyclists,0
254,37.4676399230957,0.0,23.26233673095703,0.0,1,1,c yclists,cyclists,0
255,37.4676399230957,0.0,32.73759841918945,0.0,0,1,c yclists,cyclist s,1
256,37.4676399230957,0.0,32.73759841918945,0.0,0,1,c yclists,cyclist s,1
257,37.4676399230957,0.0,32.73759841918945,0.0,0,1,c yclists,cyclist s,1
258,37.4676399230957,0.0,37.776329040527344,0.0,0,1,c yclists,cyc lists,1
259,37.4676399230957,0.0,37.776329040527344,0.0,0,1,c yclists,cyc lists,1
260,37.4676399230957,0.0,37.776329040527344,0.0,0,1,c yclists,cyc lists,1
261,37.776329040527344,0.0,32.73759841918945,0.0,0,1,cyc lists,cyclist s,1
262,37.776329040527344,0.0,32.73759841918945,0.0,0,1,cyc lists,cyclist s,1
263,37.776329040527344,0.0,32.73759841918945,0.0,0,1,cyc lists,cyclist s,1
264,37.776329040527344,0.0,37.4676399230957,0.0,0,1,cyc lists,c yclists,1
265,37.776329040527344,0.0,37.4676399230957,0.0,0,1,cyc lists,c yclists,1
266,37.776329040527344,0.0,37.4676399230957,0.0,0,1,cyc lists,c yclists,1
267,37.776329040527344,0.0,23.26233673095703,0.0,1,1,cyc lists,cyclists,0
268,37.776329040527344,0.0,23.26233673095703,0.0,1,1,cyc lists,cyclists,0
269,37.776329040527344,0.0,23.26233673095703,0.0,1,1,cyc lists,cyclists,0
270,32.73759841918945,0.0,37.4676399230957,0.0,0,1,cyclist s,c yclists,1
271,32.73759841918945,0.0,37.4676399230957,0.0,0,1,cyclist s,c yclists,1
272,32.73759841918945,0.0,37.4676399230957,0.0,0,1,cyclist s,c yclists,1
273,32.73759841918945,0.0,37.776329040527344,0.0,0,1,cyclist s,cyc lists,1
274,32.73759841918945,0.0,37.776329040527344,0.0,0,1,cyclist s,cyc lists,1
275,32.73759841918945,0.0,37.776329040527344,0.0,0,1,cyclist s,cyc lists,1
276,32.73759841918945,0.0,23.26233673095703,0.0,1,1,cyclist s,cyclists,0
277,32.73759841918945,0.0,23.26233673095703,0.0,1,1,cyclist s,cyclists,0
278,32.73759841918945,0.0,23.26233673095703,0.0,1,1,cyclist s,cyclists,0
279,23.26233673095703,0.0,37.776329040527344,0.0,-1,0,cyclists,cyc lists,1
280,23.26233673095703,0.0,37.776329040527344,0.0,-1,0,cyclists,cyc lists,1
281,23.26233673095703,0.0,37.776329040527344,0.0,-1,0,cyclists,cyc lists,1
282,23.26233673095703,0.0,37.4676399230957,0.0,-1,0,cyclists,c yclists,1
283,23.26233673095703,0.0,37.4676399230957,0.0,-1,0,cyclists,c yclists,1
284,23.26233673095703,0.0,37.4676399230957,0.0,-1,0,cyclists,c yclists,1
285,23.26233673095703,0.0,32.73759841918945,0.0,-1,0,cyclists,cyclist s,1
286,23.26233673095703,0.0,32.73759841918945,0.0,-1,0,cyclists,cyclist s,1
287,23.26233673095703,0.0,32.73759841918945,0.0,-1,0,cyclists,cyclist s,1
288,43.82209396362305,0.0,38.99833679199219,0.0,1,2,d e generate media,de generate media,1
289,43.82209396362305,0.0,38.99833679199219,0.0,1,2,d e generate media,de generate media,1
290,43.82209396362305,0.0,38.99833679199219,0.0,1,2,d e generate media,de generate media,1
291,43.82209396362305,0.0,32.30735778808594,0.0,2,2,d e generate media,degenerate media,0
292,43.82209396362305,0.0,32.30735778808594,0.0,2,2,d e generate media,degenerate media,0
293,43.82209396362305,0.0,32.30735778808594,0.0,2,2,d e generate media,degenerate media,0
294,43.82209396362305,0.0,35.73117446899414,0.0,1,2,d e generate media,degeneratemedia,1
295,43.82209396362305,0.0,35.73117446899414,0.0,1,2,d e generate media,degeneratemedia,1
296,43.82209396362305,0.0,35.73117446899414,0.0,1,2,d e generate media,degeneratemedia,1
297,38.99833679199219,0.0,43.82209396362305,0.0,-1,1,de generate media,d e generate media,2
298,38.99833679199219,0.0,43.82209396362305,0.0,-1,1,de generate media,d e generate media,2
299,38.99833679199219,0.0,43.82209396362305,0.0,-1,1,de generate media,d e generate media,2
300,38.99833679199219,0.0,32.30735778808594,0.0,1,1,de generate media,degenerate media,0
301,38.99833679199219,0.0,32.30735778808594,0.0,1,1,de generate media,degenerate media,0
302,38.99833679199219,0.0,32.30735778808594,0.0,1,1,de generate media,degenerate media,0
303,38.99833679199219,0.0,35.73117446899414,0.0,0,1,de generate media,degeneratemedia,1
304,38.99833679199219,0.0,35.73117446899414,0.0,0,1,de generate media,degeneratemedia,1
305,38.99833679199219,0.0,35.73117446899414,0.0,0,1,de generate media,degeneratemedia,1
306,32.30735778808594,0.0,43.82209396362305,0.0,-2,0,degenerate media,d e generate media,2
307,32.30735778808594,0.0,43.82209396362305,0.0,-2,0,degenerate media,d e generate media,2
308,32.30735778808594,0.0,43.82209396362305,0.0,-2,0,degenerate media,d e generate media,2
309,32.30735778808594,0.0,35.73117446899414,0.0,-1,0,degenerate media,degeneratemedia,1
310,32.30735778808594,0.0,35.73117446899414,0.0,-1,0,degenerate media,degeneratemedia,1
311,32.30735778808594,0.0,35.73117446899414,0.0,-1,0,degenerate media,degeneratemedia,1
312,32.30735778808594,0.0,38.99833679199219,0.0,-1,0,degenerate media,de generate media,1
313,32.30735778808594,0.0,38.99833679199219,0.0,-1,0,degenerate media,de generate media,1
314,32.30735778808594,0.0,38.99833679199219,0.0,-1,0,degenerate media,de generate media,1
315,35.73117446899414,0.0,43.82209396362305,0.0,-1,1,degeneratemedia,d e generate media,2
316,35.73117446899414,0.0,43.82209396362305,0.0,-1,1,degeneratemedia,d e generate media,2
317,35.73117446899414,0.0,43.82209396362305,0.0,-1,1,degeneratemedia,d e generate media,2
318,35.73117446899414,0.0,38.99833679199219,0.0,0,1,degeneratemedia,de generate media,1
319,35.73117446899414,0.0,38.99833679199219,0.0,0,1,degeneratemedia,de generate media,1
320,35.73117446899414,0.0,38.99833679199219,0.0,0,1,degeneratemedia,de generate media,1
321,35.73117446899414,0.0,32.30735778808594,0.0,1,1,degeneratemedia,degenerate media,0
322,35.73117446899414,0.0,32.30735778808594,0.0,1,1,degeneratemedia,degenerate media,0
323,35.73117446899414,0.0,32.30735778808594,0.0,1,1,degeneratemedia,degenerate media,0
324,36.63955307006836,0.0,35.733665466308594,0.0,0,1,ex act words,exact word s,1
325,36.63955307006836,0.0,35.733665466308594,0.0,0,1,ex act words,exact word s,1
326,36.63955307006836,0.0,35.733665466308594,0.0,0,1,ex act words,exact word s,1
327,36.63955307006836,0.0,27.45183563232422,0.0,1,1,ex act words,exact words,0
328,36.63955307006836,0.0,27.45183563232422,0.0,1,1,ex act words,exact words,0
329,36.63955307006836,0.0,27.45183563232422,0.0,1,1,ex act words,exact words,0
330,36.63955307006836,0.0,31.599411010742188,0.0,0,1,ex act words,exactwords,1
331,36.63955307006836,0.0,31.599411010742188,0.0,0,1,ex act words,exactwords,1
332,36.63955307006836,0.0,31.599411010742188,0.0,0,1,ex act words,exactwords,1
333,35.733665466308594,0.0,27.45183563232422,0.0,1,1,exact word s,exact words,0
334,35.733665466308594,0.0,27.45183563232422,0.0,1,1,exact word s,exact words,0
335,35.733665466308594,0.0,27.45183563232422,0.0,1,1,exact word s,exact words,0
336,35.733665466308594,0.0,31.599411010742188,0.0,0,1,exact word s,exactwords,1
337,35.733665466308594,0.0,31.599411010742188,0.0,0,1,exact word s,exactwords,1
338,35.733665466308594,0.0,31.599411010742188,0.0,0,1,exact word s,exactwords,1
339,35.733665466308594,0.0,36.63955307006836,0.0,0,1,exact word s,ex act words,1
340,35.733665466308594,0.0,36.63955307006836,0.0,0,1,exact word s,ex act words,1
341,35.733665466308594,0.0,36.63955307006836,0.0,0,1,exact word s,ex act words,1
342,27.45183563232422,0.0,31.599411010742188,0.0,-1,0,exact words,exactwords,1
343,27.45183563232422,0.0,31.599411010742188,0.0,-1,0,exact words,exactwords,1
344,27.45183563232422,0.0,31.599411010742188,0.0,-1,0,exact words,exactwords,1
345,27.45183563232422,0.0,35.733665466308594,0.0,-1,0,exact words,exact word s,1
346,27.45183563232422,0.0,35.733665466308594,0.0,-1,0,exact words,exact word s,1
347,27.45183563232422,0.0,35.733665466308594,0.0,-1,0,exact words,exact word s,1
348,27.45183563232422,0.0,36.63955307006836,0.0,-1,0,exact words,ex act words,1
349,27.45183563232422,0.0,36.63955307006836,0.0,-1,0,exact words,ex act words,1
350,27.45183563232422,0.0,36.63955307006836,0.0,-1,0,exact words,ex act words,1
351,31.599411010742188,0.0,27.45183563232422,0.0,1,1,exactwords,exact words,0
352,31.599411010742188,0.0,27.45183563232422,0.0,1,1,exactwords,exact words,0
353,31.599411010742188,0.0,27.45183563232422,0.0,1,1,exactwords,exact words,0
354,31.599411010742188,0.0,35.733665466308594,0.0,0,1,exactwords,exact word s,1
355,31.599411010742188,0.0,35.733665466308594,0.0,0,1,exactwords,exact word s,1
356,31.599411010742188,0.0,35.733665466308594,0.0,0,1,exactwords,exact word s,1
357,31.599411010742188,0.0,36.63955307006836,0.0,0,1,exactwords,ex act words,1
358,31.599411010742188,0.0,36.63955307006836,0.0,0,1,exactwords,ex act words,1
359,31.599411010742188,0.0,36.63955307006836,0.0,0,1,exactwords,ex act words,1
360,38.99174880981445,0.0,30.62657928466797,0.0,0,1,fact s of life,facts oflife,1
361,38.99174880981445,0.0,30.62657928466797,0.0,0,1,fact s of life,facts oflife,1
362,38.99174880981445,0.0,30.62657928466797,0.0,0,1,fact s of life,facts oflife,1
363,38.99174880981445,0.0,38.58383560180664,0.0,0,1,fact s of life,factsof life,1
364,38.99174880981445,0.0,38.58383560180664,0.0,0,1,fact s of life,factsof life,1
365,38.99174880981445,0.0,38.58383560180664,0.0,0,1,fact s of life,factsof life,1
366,38.99174880981445,0.0,23.441509246826172,0.0,1,1,fact s of life,facts of life,0
367,38.99174880981445,0.0,23.441509246826172,0.0,1,1,fact s of life,facts of life,0
368,38.99174880981445,0.0,23.441509246826172,0.0,1,1,fact s of life,facts of life,0
369,23.441509246826172,0.0,38.58383560180664,0.0,-1,0,facts of life,factsof life,1
370,23.441509246826172,0.0,38.58383560180664,0.0,-1,0,facts of life,factsof life,1
371,23.441509246826172,0.0,38.58383560180664,0.0,-1,0,facts of life,factsof life,1
372,23.441509246826172,0.0,38.99174880981445,0.0,-1,0,facts of life,fact s of life,1
373,23.441509246826172,0.0,38.99174880981445,0.0,-1,0,facts of life,fact s of life,1
374,23.441509246826172,0.0,38.99174880981445,0.0,-1,0,facts of life,fact s of life,1
375,23.441509246826172,0.0,30.62657928466797,0.0,-1,0,facts of life,facts oflife,1
376,23.441509246826172,0.0,30.62657928466797,0.0,-1,0,facts of life,facts oflife,1
377,23.441509246826172,0.0,30.62657928466797,0.0,-1,0,facts of life,facts oflife,1
378,30.62657928466797,0.0,38.58383560180664,0.0,0,1,facts oflife,factsof life,1
379,30.62657928466797,0.0,38.58383560180664,0.0,0,1,facts oflife,factsof life,1
380,30.62657928466797,0.0,38.58383560180664,0.0,0,1,facts oflife,factsof life,1
381,30.62657928466797,0.0,38.99174880981445,0.0,0,1,facts oflife,fact s of life,1
382,30.62657928466797,0.0,38.99174880981445,0.0,0,1,facts oflife,fact s of life,1
383,30.62657928466797,0.0,38.99174880981445,0.0,0,1,facts oflife,fact s of life,1
384,30.62657928466797,0.0,23.441509246826172,0.0,1,1,facts oflife,facts of life,0
385,30.62657928466797,0.0,23.441509246826172,0.0,1,1,facts oflife,facts of life,0
386,30.62657928466797,0.0,23.441509246826172,0.0,1,1,facts oflife,facts of life,0
387,38.58383560180664,0.0,23.441509246826172,0.0,1,1,factsof life,facts of life,0
388,38.58383560180664,0.0,23.441509246826172,0.0,1,1,factsof life,facts of life,0
389,38.58383560180664,0.0,23.441509246826172,0.0,1,1,factsof life,facts of life,0
390,38.58383560180664,0.0,30.62657928466797,0.0,0,1,factsof life,facts oflife,1
391,38.58383560180664,0.0,30.62657928466797,0.0,0,1,factsof life,facts oflife,1
392,38.58383560180664,0.0,30.62657928466797,0.0,0,1,factsof life,facts oflife,1
393,38.58383560180664,0.0,38.99174880981445,0.0,0,1,factsof life,fact s of life,1
394,38.58383560180664,0.0,38.99174880981445,0.0,0,1,factsof life,fact s of life,1
395,38.58383560180664,0.0,38.99174880981445,0.0,0,1,factsof life,fact s of life,1
396,32.71799087524414,0.0,32.8565673828125,0.0,-1,1,i n my opinion,inmyopinion,2
397,32.71799087524414,0.0,32.8565673828125,0.0,-1,1,i n my opinion,inmyopinion,2
398,32.71799087524414,0.0,32.8565673828125,0.0,-1,1,i n my opinion,inmyopinion,2
399,32.71799087524414,0.0,31.753822326660156,0.0,0,1,i n my opinion,in myopinion,1
400,32.71799087524414,0.0,31.753822326660156,0.0,0,1,i n my opinion,in myopinion,1
401,32.71799087524414,0.0,31.753822326660156,0.0,0,1,i n my opinion,in myopinion,1
402,32.71799087524414,0.0,22.19174575805664,0.0,1,1,i n my opinion,in my opinion,0
403,32.71799087524414,0.0,22.19174575805664,0.0,1,1,i n my opinion,in my opinion,0
404,32.71799087524414,0.0,22.19174575805664,0.0,1,1,i n my opinion,in my opinion,0
405,22.19174575805664,0.0,32.8565673828125,0.0,-2,0,in my opinion,inmyopinion,2
406,22.19174575805664,0.0,32.8565673828125,0.0,-2,0,in my opinion,inmyopinion,2
407,22.19174575805664,0.0,32.8565673828125,0.0,-2,0,in my opinion,inmyopinion,2
408,22.19174575805664,0.0,31.753822326660156,0.0,-1,0,in my opinion,in myopinion,1
409,22.19174575805664,0.0,31.753822326660156,0.0,-1,0,in my opinion,in myopinion,1
410,22.19174575805664,0.0,31.753822326660156,0.0,-1,0,in my opinion,in myopinion,1
411,22.19174575805664,0.0,32.71799087524414,0.0,-1,0,in my opinion,i n my opinion,1
412,22.19174575805664,0.0,32.71799087524414,0.0,-1,0,in my opinion,i n my opinion,1
413,22.19174575805664,0.0,32.71799087524414,0.0,-1,0,in my opinion,i n my opinion,1
414,31.753822326660156,0.0,32.71799087524414,0.0,0,1,in myopinion,i n my opinion,1
415,31.753822326660156,0.0,32.71799087524414,0.0,0,1,in myopinion,i n my opinion,1
416,31.753822326660156,0.0,32.71799087524414,0.0,0,1,in myopinion,i n my opinion,1
417,31.753822326660156,0.0,22.19174575805664,0.0,1,1,in myopinion,in my opinion,0
418,31.753822326660156,0.0,22.19174575805664,0.0,1,1,in myopinion,in my opinion,0
419,31.753822326660156,0.0,22.19174575805664,0.0,1,1,in myopinion,in my opinion,0
420,31.753822326660156,0.0,32.8565673828125,0.0,-1,1,in myopinion,inmyopinion,2
421,31.753822326660156,0.0,32.8565673828125,0.0,-1,1,in myopinion,inmyopinion,2
422,31.753822326660156,0.0,32.8565673828125,0.0,-1,1,in myopinion,inmyopinion,2
423,32.8565673828125,0.0,22.19174575805664,0.0,2,2,inmyopinion,in my opinion,0
424,32.8565673828125,0.0,22.19174575805664,0.0,2,2,inmyopinion,in my opinion,0
425,32.8565673828125,0.0,22.19174575805664,0.0,2,2,inmyopinion,in my opinion,0
426,32.8565673828125,0.0,32.71799087524414,0.0,1,2,inmyopinion,i n my opinion,1
427,32.8565673828125,0.0,32.71799087524414,0.0,1,2,inmyopinion,i n my opinion,1
428,32.8565673828125,0.0,32.71799087524414,0.0,1,2,inmyopinion,i n my opinion,1
429,32.8565673828125,0.0,31.753822326660156,0.0,1,2,inmyopinion,in myopinion,1
430,32.8565673828125,0.0,31.753822326660156,0.0,1,2,inmyopinion,in myopinion,1
431,32.8565673828125,0.0,31.753822326660156,0.0,1,2,inmyopinion,in myopinion,1
432,25.777870178222656,0.0,35.607452392578125,0.0,-1,0,keep it coming,keep itcoming,1
433,25.777870178222656,0.0,35.607452392578125,0.0,-1,0,keep it coming,keep itcoming,1
434,25.777870178222656,0.0,35.607452392578125,0.0,-1,0,keep it coming,keep itcoming,1
435,25.777870178222656,0.0,32.18252944946289,0.0,-1,0,keep it coming,keepit coming,1
436,25.777870178222656,0.0,32.18252944946289,0.0,-1,0,keep it coming,keepit coming,1
437,25.777870178222656,0.0,32.18252944946289,0.0,-1,0,keep it coming,keepit coming,1
438,25.777870178222656,0.0,31.853008270263672,0.0,-2,0,keep it coming,keepitcoming,2
439,25.777870178222656,0.0,31.853008270263672,0.0,-2,0,keep it coming,keepitcoming,2
440,25.777870178222656,0.0,31.853008270263672,0.0,-2,0,keep it coming,keepitcoming,2
441,35.607452392578125,0.0,25.777870178222656,0.0,1,1,keep itcoming,keep it coming,0
442,35.607452392578125,0.0,25.777870178222656,0.0,1,1,keep itcoming,keep it coming,0
443,35.607452392578125,0.0,25.777870178222656,0.0,1,1,keep itcoming,keep it coming,0
444,35.607452392578125,0.0,31.853008270263672,0.0,-1,1,keep itcoming,keepitcoming,2
445,35.607452392578125,0.0,31.853008270263672,0.0,-1,1,keep itcoming,keepitcoming,2
446,35.607452392578125,0.0,31.853008270263672,0.0,-1,1,keep itcoming,keepitcoming,2
447,35.607452392578125,0.0,32.18252944946289,0.0,0,1,keep itcoming,keepit coming,1
448,35.607452392578125,0.0,32.18252944946289,0.0,0,1,keep itcoming,keepit coming,1
449,35.607452392578125,0.0,32.18252944946289,0.0,0,1,keep itcoming,keepit coming,1
450,32.18252944946289,0.0,25.777870178222656,0.0,1,1,keepit coming,keep it coming,0
451,32.18252944946289,0.0,25.777870178222656,0.0,1,1,keepit coming,keep it coming,0
452,32.18252944946289,0.0,25.777870178222656,0.0,1,1,keepit coming,keep it coming,0
453,32.18252944946289,0.0,35.607452392578125,0.0,0,1,keepit coming,keep itcoming,1
454,32.18252944946289,0.0,35.607452392578125,0.0,0,1,keepit coming,keep itcoming,1
455,32.18252944946289,0.0,35.607452392578125,0.0,0,1,keepit coming,keep itcoming,1
456,32.18252944946289,0.0,31.853008270263672,0.0,-1,1,keepit coming,keepitcoming,2
457,32.18252944946289,0.0,31.853008270263672,0.0,-1,1,keepit coming,keepitcoming,2
458,32.18252944946289,0.0,31.853008270263672,0.0,-1,1,keepit coming,keepitcoming,2
459,31.853008270263672,0.0,35.607452392578125,0.0,1,2,keepitcoming,keep itcoming,1
460,31.853008270263672,0.0,35.607452392578125,0.0,1,2,keepitcoming,keep itcoming,1
461,31.853008270263672,0.0,35.607452392578125,0.0,1,2,keepitcoming,keep itcoming,1
462,31.853008270263672,0.0,32.18252944946289,0.0,1,2,keepitcoming,keepit coming,1
463,31.853008270263672,0.0,32.18252944946289,0.0,1,2,keepitcoming,keepit coming,1
464,31.853008270263672,0.0,32.18252944946289,0.0,1,2,keepitcoming,keepit coming,1
465,31.853008270263672,0.0,25.777870178222656,0.0,2,2,keepitcoming,keep it coming,0
466,31.853008270263672,0.0,25.777870178222656,0.0,2,2,keepitcoming,keep it coming,0
467,31.853008270263672,0.0,25.777870178222656,0.0,2,2,keepitcoming,keep it coming,0
468,32.91029357910156,0.0,31.75682830810547,0.0,0,1,li nux,lin ux,1
469,32.91029357910156,0.0,31.75682830810547,0.0,0,1,li nux,lin ux,1
470,32.91029357910156,0.0,31.75682830810547,0.0,0,1,li nux,lin ux,1
471,32.91029357910156,0.0,29.540084838867188,0.0,0,1,li nux,linu x,1
472,32.91029357910156,0.0,29.540084838867188,0.0,0,1,li nux,linu x,1
473,32.91029357910156,0.0,29.540084838867188,0.0,0,1,li nux,linu x,1
474,32.91029357910156,0.0,20.56494140625,0.0,1,1,li nux,linux,0
475,32.91029357910156,0.0,20.56494140625,0.0,1,1,li nux,linux,0
476,32.91029357910156,0.0,20.56494140625,0.0,1,1,li nux,linux,0
477,31.75682830810547,0.0,32.91029357910156,0.0,0,1,lin ux,li nux,1
478,31.75682830810547,0.0,32.91029357910156,0.0,0,1,lin ux,li nux,1
479,31.75682830810547,0.0,32.91029357910156,0.0,0,1,lin ux,li nux,1
480,31.75682830810547,0.0,29.540084838867188,0.0,0,1,lin ux,linu x,1
481,31.75682830810547,0.0,29.540084838867188,0.0,0,1,lin ux,linu x,1
482,31.75682830810547,0.0,29.540084838867188,0.0,0,1,lin ux,linu x,1
483,31.75682830810547,0.0,20.56494140625,0.0,1,1,lin ux,linux,0
484,31.75682830810547,0.0,20.56494140625,0.0,1,1,lin ux,linux,0
485,31.75682830810547,0.0,20.56494140625,0.0,1,1,lin ux,linux,0
486,29.540084838867188,0.0,31.75682830810547,0.0,0,1,linu x,lin ux,1
487,29.540084838867188,0.0,31.75682830810547,0.0,0,1,linu x,lin ux,1
488,29.540084838867188,0.0,31.75682830810547,0.0,0,1,linu x,lin ux,1
489,29.540084838867188,0.0,32.91029357910156,0.0,0,1,linu x,li nux,1
490,29.540084838867188,0.0,32.91029357910156,0.0,0,1,linu x,li nux,1
491,29.540084838867188,0.0,32.91029357910156,0.0,0,1,linu x,li nux,1
492,29.540084838867188,0.0,20.56494140625,0.0,1,1,linu x,linux,0
493,29.540084838867188,0.0,20.56494140625,0.0,1,1,linu x,linux,0
494,29.540084838867188,0.0,20.56494140625,0.0,1,1,linu x,linux,0
495,20.56494140625,0.0,32.91029357910156,0.0,-1,0,linux,li nux,1
496,20.56494140625,0.0,32.91029357910156,0.0,-1,0,linux,li nux,1
497,20.56494140625,0.0,32.91029357910156,0.0,-1,0,linux,li nux,1
498,20.56494140625,0.0,31.75682830810547,0.0,-1,0,linux,lin ux,1
499,20.56494140625,0.0,31.75682830810547,0.0,-1,0,linux,lin ux,1
500,20.56494140625,0.0,31.75682830810547,0.0,-1,0,linux,lin ux,1
501,20.56494140625,0.0,29.540084838867188,0.0,-1,0,linux,linu x,1
502,20.56494140625,0.0,29.540084838867188,0.0,-1,0,linux,linu x,1
503,20.56494140625,0.0,29.540084838867188,0.0,-1,0,linux,linu x,1
504,44.30389404296875,0.0,34.52414321899414,0.0,1,1,love with out tragedy,love without tragedy,0
505,44.30389404296875,0.0,34.52414321899414,0.0,1,1,love with out tragedy,love without tragedy,0
506,44.30389404296875,0.0,34.52414321899414,0.0,1,1,love with out tragedy,love without tragedy,0
507,44.30389404296875,0.0,42.70505905151367,0.0,0,1,love with out tragedy,lovewithout tragedy,1
508,44.30389404296875,0.0,42.70505905151367,0.0,0,1,love with out tragedy,lovewithout tragedy,1
509,44.30389404296875,0.0,42.70505905151367,0.0,0,1,love with out tragedy,lovewithout tragedy,1
510,44.30389404296875,0.0,38.645748138427734,0.0,-1,1,love with out tragedy,lovewithouttragedy,2
511,44.30389404296875,0.0,38.645748138427734,0.0,-1,1,love with out tragedy,lovewithouttragedy,2
512,44.30389404296875,0.0,38.645748138427734,0.0,-1,1,love with out tragedy,lovewithouttragedy,2
513,34.52414321899414,0.0,42.70505905151367,0.0,-1,0,love without tragedy,lovewithout tragedy,1
514,34.52414321899414,0.0,42.70505905151367,0.0,-1,0,love without tragedy,lovewithout tragedy,1
515,34.52414321899414,0.0,42.70505905151367,0.0,-1,0,love without tragedy,lovewithout tragedy,1
516,34.52414321899414,0.0,38.645748138427734,0.0,-2,0,love without tragedy,lovewithouttragedy,2
517,34.52414321899414,0.0,38.645748138427734,0.0,-2,0,love without tragedy,lovewithouttragedy,2
518,34.52414321899414,0.0,38.645748138427734,0.0,-2,0,love without tragedy,lovewithouttragedy,2
519,34.52414321899414,0.0,44.30389404296875,0.0,-1,0,love without tragedy,love with out tragedy,1
520,34.52414321899414,0.0,44.30389404296875,0.0,-1,0,love without tragedy,love with out tragedy,1
521,34.52414321899414,0.0,44.30389404296875,0.0,-1,0,love without tragedy,love with out tragedy,1
522,42.70505905151367,0.0,38.645748138427734,0.0,-1,1,lovewithout tragedy,lovewithouttragedy,2
523,42.70505905151367,0.0,38.645748138427734,0.0,-1,1,lovewithout tragedy,lovewithouttragedy,2
524,42.70505905151367,0.0,38.645748138427734,0.0,-1,1,lovewithout tragedy,lovewithouttragedy,2
525,42.70505905151367,0.0,44.30389404296875,0.0,0,1,lovewithout tragedy,love with out tragedy,1
526,42.70505905151367,0.0,44.30389404296875,0.0,0,1,lovewithout tragedy,love with out tragedy,1
527,42.70505905151367,0.0,44.30389404296875,0.0,0,1,lovewithout tragedy,love with out tragedy,1
528,42.70505905151367,0.0,34.52414321899414,0.0,1,1,lovewithout tragedy,love without tragedy,0
529,42.70505905151367,0.0,34.52414321899414,0.0,1,1,lovewithout tragedy,love without tragedy,0
530,42.70505905151367,0.0,34.52414321899414,0.0,1,1,lovewithout tragedy,love without tragedy,0
531,38.645748138427734,0.0,44.30389404296875,0.0,1,2,lovewithouttragedy,love with out tragedy,1
532,38.645748138427734,0.0,44.30389404296875,0.0,1,2,lovewithouttragedy,love with out tragedy,1
533,38.645748138427734,0.0,44.30389404296875,0.0,1,2,lovewithouttragedy,love with out tragedy,1
534,38.645748138427734,0.0,34.52414321899414,0.0,2,2,lovewithouttragedy,love without tragedy,0
535,38.645748138427734,0.0,34.52414321899414,0.0,2,2,lovewithouttragedy,love without tragedy,0
536,38.645748138427734,0.0,34.52414321899414,0.0,2,2,lovewithouttragedy,love without tragedy,0
537,38.645748138427734,0.0,42.70505905151367,0.0,1,2,lovewithouttragedy,lovewithout tragedy,1
538,38.645748138427734,0.0,42.70505905151367,0.0,1,2,lovewithouttragedy,lovewithout tragedy,1
539,38.645748138427734,0.0,42.70505905151367,0.0,1,2,lovewithouttragedy,lovewithout tragedy,1
540,36.04117965698242,0.0,22.8880615234375,0.0,1,1,mi xture,mixture,0
541,36.04117965698242,0.0,22.8880615234375,0.0,1,1,mi xture,mixture,0
542,36.04117965698242,0.0,22.8880615234375,0.0,1,1,mi xture,mixture,0
543,36.04117965698242,0.0,38.32966995239258,0.0,0,1,mi xture,mixtur e,1
544,36.04117965698242,0.0,38.32966995239258,0.0,0,1,mi xture,mixtur e,1
545,36.04117965698242,0.0,38.32966995239258,0.0,0,1,mi xture,mixtur e,1
546,36.04117965698242,0.0,35.83699417114258,0.0,0,1,mi xture,mix ture,1
547,36.04117965698242,0.0,35.83699417114258,0.0,0,1,mi xture,mix ture,1
548,36.04117965698242,0.0,35.83699417114258,0.0,0,1,mi xture,mix ture,1
549,35.83699417114258,0.0,36.04117965698242,0.0,0,1,mix ture,mi xture,1
550,35.83699417114258,0.0,36.04117965698242,0.0,0,1,mix ture,mi xture,1
551,35.83699417114258,0.0,36.04117965698242,0.0,0,1,mix ture,mi xture,1
552,35.83699417114258,0.0,22.8880615234375,0.0,1,1,mix ture,mixture,0
553,35.83699417114258,0.0,22.8880615234375,0.0,1,1,mix ture,mixture,0
554,35.83699417114258,0.0,22.8880615234375,0.0,1,1,mix ture,mixture,0
555,35.83699417114258,0.0,38.32966995239258,0.0,0,1,mix ture,mixtur e,1
556,35.83699417114258,0.0,38.32966995239258,0.0,0,1,mix ture,mixtur e,1
557,35.83699417114258,0.0,38.32966995239258,0.0,0,1,mix ture,mixtur e,1
558,38.32966995239258,0.0,35.83699417114258,0.0,0,1,mixtur e,mix ture,1
559,38.32966995239258,0.0,35.83699417114258,0.0,0,1,mixtur e,mix ture,1
560,38.32966995239258,0.0,35.83699417114258,0.0,0,1,mixtur e,mix ture,1
561,38.32966995239258,0.0,36.04117965698242,0.0,0,1,mixtur e,mi xture,1
562,38.32966995239258,0.0,36.04117965698242,0.0,0,1,mixtur e,mi xture,1
563,38.32966995239258,0.0,36.04117965698242,0.0,0,1,mixtur e,mi xture,1
564,38.32966995239258,0.0,22.8880615234375,0.0,1,1,mixtur e,mixture,0
565,38.32966995239258,0.0,22.8880615234375,0.0,1,1,mixtur e,mixture,0
566,38.32966995239258,0.0,22.8880615234375,0.0,1,1,mixtur e,mixture,0
567,22.8880615234375,0.0,38.32966995239258,0.0,-1,0,mixture,mixtur e,1
568,22.8880615234375,0.0,38.32966995239258,0.0,-1,0,mixture,mixtur e,1
569,22.8880615234375,0.0,38.32966995239258,0.0,-1,0,mixture,mixtur e,1
570,22.8880615234375,0.0,35.83699417114258,0.0,-1,0,mixture,mix ture,1
571,22.8880615234375,0.0,35.83699417114258,0.0,-1,0,mixture,mix ture,1
572,22.8880615234375,0.0,35.83699417114258,0.0,-1,0,mixture,mix ture,1
573,22.8880615234375,0.0,36.04117965698242,0.0,-1,0,mixture,mi xture,1
574,22.8880615234375,0.0,36.04117965698242,0.0,-1,0,mixture,mi xture,1
575,22.8880615234375,0.0,36.04117965698242,0.0,-1,0,mixture,mi xture,1
576,32.76678466796875,0.0,32.41402816772461,0.0,0,1,ni cee,nic ee,1
577,32.76678466796875,0.0,32.41402816772461,0.0,0,1,ni cee,nic ee,1
578,32.76678466796875,0.0,32.41402816772461,0.0,0,1,ni cee,nic ee,1
579,32.76678466796875,0.0,27.189346313476562,0.0,1,1,ni cee,nicee,0
580,32.76678466796875,0.0,27.189346313476562,0.0,1,1,ni cee,nicee,0
581,32.76678466796875,0.0,27.189346313476562,0.0,1,1,ni cee,nicee,0
582,32.76678466796875,0.0,28.31011962890625,0.0,0,1,ni cee,nice e,1
583,32.76678466796875,0.0,28.31011962890625,0.0,0,1,ni cee,nice e,1
584,32.76678466796875,0.0,28.31011962890625,0.0,0,1,ni cee,nice e,1
585,32.41402816772461,0.0,27.189346313476562,0.0,1,1,nic ee,nicee,0
586,32.41402816772461,0.0,27.189346313476562,0.0,1,1,nic ee,nicee,0
587,32.41402816772461,0.0,27.189346313476562,0.0,1,1,nic ee,nicee,0
588,32.41402816772461,0.0,28.31011962890625,0.0,0,1,nic ee,nice e,1
589,32.41402816772461,0.0,28.31011962890625,0.0,0,1,nic ee,nice e,1
590,32.41402816772461,0.0,28.31011962890625,0.0,0,1,nic ee,nice e,1
591,32.41402816772461,0.0,32.76678466796875,0.0,0,1,nic ee,ni cee,1
592,32.41402816772461,0.0,32.76678466796875,0.0,0,1,nic ee,ni cee,1
593,32.41402816772461,0.0,32.76678466796875,0.0,0,1,nic ee,ni cee,1
594,28.31011962890625,0.0,27.189346313476562,0.0,1,1,nice e,nicee,0
595,28.31011962890625,0.0,27.189346313476562,0.0,1,1,nice e,nicee,0
596,28.31011962890625,0.0,27.189346313476562,0.0,1,1,nice e,nicee,0
597,28.31011962890625,0.0,32.41402816772461,0.0,0,1,nice e,nic ee,1
598,28.31011962890625,0.0,32.41402816772461,0.0,0,1,nice e,nic ee,1
599,28.31011962890625,0.0,32.41402816772461,0.0,0,1,nice e,nic ee,1
600,28.31011962890625,0.0,32.76678466796875,0.0,0,1,nice e,ni cee,1
601,28.31011962890625,0.0,32.76678466796875,0.0,0,1,nice e,ni cee,1
602,28.31011962890625,0.0,32.76678466796875,0.0,0,1,nice e,ni cee,1
603,27.189346313476562,0.0,28.31011962890625,0.0,-1,0,nicee,nice e,1
604,27.189346313476562,0.0,28.31011962890625,0.0,-1,0,nicee,nice e,1
605,27.189346313476562,0.0,28.31011962890625,0.0,-1,0,nicee,nice e,1
606,27.189346313476562,0.0,32.41402816772461,0.0,-1,0,nicee,nic ee,1
607,27.189346313476562,0.0,32.41402816772461,0.0,-1,0,nicee,nic ee,1
608,27.189346313476562,0.0,32.41402816772461,0.0,-1,0,nicee,nic ee,1
609,27.189346313476562,0.0,32.76678466796875,0.0,-1,0,nicee,ni cee,1
610,27.189346313476562,0.0,32.76678466796875,0.0,-1,0,nicee,ni cee,1
611,27.189346313476562,0.0,32.76678466796875,0.0,-1,0,nicee,ni cee,1
612,33.31980895996094,0.0,35.117103576660156,0.0,-1,1,o n repeat,o nrepeat,2
613,33.31980895996094,0.0,35.117103576660156,0.0,-1,1,o n repeat,o nrepeat,2
614,33.31980895996094,0.0,35.117103576660156,0.0,-1,1,o n repeat,o nrepeat,2
615,33.31980895996094,0.0,27.735614776611328,0.0,1,1,o n repeat,on repeat,0
616,33.31980895996094,0.0,27.735614776611328,0.0,1,1,o n repeat,on repeat,0
617,33.31980895996094,0.0,27.735614776611328,0.0,1,1,o n repeat,on repeat,0
618,33.31980895996094,0.0,32.890071868896484,0.0,0,1,o n repeat,onrepeat,1
619,33.31980895996094,0.0,32.890071868896484,0.0,0,1,o n repeat,onrepeat,1
620,33.31980895996094,0.0,32.890071868896484,0.0,0,1,o n repeat,onrepeat,1
621,35.117103576660156,0.0,32.890071868896484,0.0,1,2,o nrepeat,onrepeat,1
622,35.117103576660156,0.0,32.890071868896484,0.0,1,2,o nrepeat,onrepeat,1
623,35.117103576660156,0.0,32.890071868896484,0.0,1,2,o nrepeat,onrepeat,1
624,35.117103576660156,0.0,27.735614776611328,0.0,2,2,o nrepeat,on repeat,0
625,35.117103576660156,0.0,27.735614776611328,0.0,2,2,o nrepeat,on repeat,0
626,35.117103576660156,0.0,27.735614776611328,0.0,2,2,o nrepeat,on repeat,0
627,35.117103576660156,0.0,33.31980895996094,0.0,1,2,o nrepeat,o n repeat,1
628,35.117103576660156,0.0,33.31980895996094,0.0,1,2,o nrepeat,o n repeat,1
629,35.117103576660156,0.0,33.31980895996094,0.0,1,2,o nrepeat,o n repeat,1
630,27.735614776611328,0.0,35.117103576660156,0.0,-2,0,on repeat,o nrepeat,2
631,27.735614776611328,0.0,35.117103576660156,0.0,-2,0,on repeat,o nrepeat,2
632,27.735614776611328,0.0,35.117103576660156,0.0,-2,0,on repeat,o nrepeat,2
633,27.735614776611328,0.0,32.890071868896484,0.0,-1,0,on repeat,onrepeat,1
634,27.735614776611328,0.0,32.890071868896484,0.0,-1,0,on repeat,onrepeat,1
635,27.735614776611328,0.0,32.890071868896484,0.0,-1,0,on repeat,onrepeat,1
636,27.735614776611328,0.0,33.31980895996094,0.0,-1,0,on repeat,o n repeat,1
637,27.735614776611328,0.0,33.31980895996094,0.0,-1,0,on repeat,o n repeat,1
638,27.735614776611328,0.0,33.31980895996094,0.0,-1,0,on repeat,o n repeat,1
639,32.890071868896484,0.0,33.31980895996094,0.0,0,1,onrepeat,o n repeat,1
640,32.890071868896484,0.0,33.31980895996094,0.0,0,1,onrepeat,o n repeat,1
641,32.890071868896484,0.0,33.31980895996094,0.0,0,1,onrepeat,o n repeat,1
642,32.890071868896484,0.0,35.117103576660156,0.0,-1,1,onrepeat,o nrepeat,2
643,32.890071868896484,0.0,35.117103576660156,0.0,-1,1,onrepeat,o nrepeat,2
644,32.890071868896484,0.0,35.117103576660156,0.0,-1,1,onrepeat,o nrepeat,2
645,32.890071868896484,0.0,27.735614776611328,0.0,1,1,onrepeat,on repeat,0
646,32.890071868896484,0.0,27.735614776611328,0.0,1,1,onrepeat,on repeat,0
647,32.890071868896484,0.0,27.735614776611328,0.0,1,1,onrepeat,on repeat,0
648,37.01841735839844,0.0,28.572021484375,0.0,1,1,original ma n,original man,0
649,37.01841735839844,0.0,28.572021484375,0.0,1,1,original ma n,original man,0
650,37.01841735839844,0.0,28.572021484375,0.0,1,1,original ma n,original man,0
651,37.01841735839844,0.0,36.19141387939453,0.0,-1,1,original ma n,originalma n,2
652,37.01841735839844,0.0,36.19141387939453,0.0,-1,1,original ma n,originalma n,2
653,37.01841735839844,0.0,36.19141387939453,0.0,-1,1,original ma n,originalma n,2
654,37.01841735839844,0.0,28.534019470214844,0.0,0,1,original ma n,originalman,1
655,37.01841735839844,0.0,28.534019470214844,0.0,0,1,original ma n,originalman,1
656,37.01841735839844,0.0,28.534019470214844,0.0,0,1,original ma n,originalman,1
657,28.572021484375,0.0,28.534019470214844,0.0,-1,0,original man,originalman,1
658,28.572021484375,0.0,28.534019470214844,0.0,-1,0,original man,originalman,1
659,28.572021484375,0.0,28.534019470214844,0.0,-1,0,original man,originalman,1
660,28.572021484375,0.0,37.01841735839844,0.0,-1,0,original man,original ma n,1
661,28.572021484375,0.0,37.01841735839844,0.0,-1,0,original man,original ma n,1
662,28.572021484375,0.0,37.01841735839844,0.0,-1,0,original man,original ma n,1
663,28.572021484375,0.0,36.19141387939453,0.0,-2,0,original man,originalma n,2
664,28.572021484375,0.0,36.19141387939453,0.0,-2,0,original man,originalma n,2
665,28.572021484375,0.0,36.19141387939453,0.0,-2,0,original man,originalma n,2
666,36.19141387939453,0.0,28.534019470214844,0.0,1,2,originalma n,originalman,1
667,36.19141387939453,0.0,28.534019470214844,0.0,1,2,originalma n,originalman,1
668,36.19141387939453,0.0,28.534019470214844,0.0,1,2,originalma n,originalman,1
669,36.19141387939453,0.0,28.572021484375,0.0,2,2,originalma n,original man,0
670,36.19141387939453,0.0,28.572021484375,0.0,2,2,originalma n,original man,0
671,36.19141387939453,0.0,28.572021484375,0.0,2,2,originalma n,original man,0
672,36.19141387939453,0.0,37.01841735839844,0.0,1,2,originalma n,original ma n,1
673,36.19141387939453,0.0,37.01841735839844,0.0,1,2,originalma n,original ma n,1
674,36.19141387939453,0.0,37.01841735839844,0.0,1,2,originalma n,original ma n,1
675,28.534019470214844,0.0,36.19141387939453,0.0,-1,1,originalman,originalma n,2
676,28.534019470214844,0.0,36.19141387939453,0.0,-1,1,originalman,originalma n,2
677,28.534019470214844,0.0,36.19141387939453,0.0,-1,1,originalman,originalma n,2
678,28.534019470214844,0.0,28.572021484375,0.0,1,1,originalman,original man,0
679,28.534019470214844,0.0,28.572021484375,0.0,1,1,originalman,original man,0
680,28.534019470214844,0.0,28.572021484375,0.0,1,1,originalman,original man,0
681,28.534019470214844,0.0,37.01841735839844,0.0,0,1,originalman,original ma n,1
682,28.534019470214844,0.0,37.01841735839844,0.0,0,1,originalman,original ma n,1
683,28.534019470214844,0.0,37.01841735839844,0.0,0,1,originalman,original ma n,1
684,38.51628494262695,0.0,32.93380355834961,0.0,0,1,photo con test,photocontest,1
685,38.51628494262695,0.0,32.93380355834961,0.0,0,1,photo con test,photocontest,1
686,38.51628494262695,0.0,32.93380355834961,0.0,0,1,photo con test,photocontest,1
687,38.51628494262695,0.0,38.73100280761719,0.0,-1,1,photo con test,photocon test,2
688,38.51628494262695,0.0,38.73100280761719,0.0,-1,1,photo con test,photocon test,2
689,38.51628494262695,0.0,38.73100280761719,0.0,-1,1,photo con test,photocon test,2
690,38.51628494262695,0.0,28.437488555908203,0.0,1,1,photo con test,photo contest,0
691,38.51628494262695,0.0,28.437488555908203,0.0,1,1,photo con test,photo contest,0
692,38.51628494262695,0.0,28.437488555908203,0.0,1,1,photo con test,photo contest,0
693,28.437488555908203,0.0,38.51628494262695,0.0,-1,0,photo contest,photo con test,1
694,28.437488555908203,0.0,38.51628494262695,0.0,-1,0,photo contest,photo con test,1
695,28.437488555908203,0.0,38.51628494262695,0.0,-1,0,photo contest,photo con test,1
696,28.437488555908203,0.0,32.93380355834961,0.0,-1,0,photo contest,photocontest,1
697,28.437488555908203,0.0,32.93380355834961,0.0,-1,0,photo contest,photocontest,1
698,28.437488555908203,0.0,32.93380355834961,0.0,-1,0,photo contest,photocontest,1
699,28.437488555908203,0.0,38.73100280761719,0.0,-2,0,photo contest,photocon test,2
700,28.437488555908203,0.0,38.73100280761719,0.0,-2,0,photo contest,photocon test,2
701,28.437488555908203,0.0,38.73100280761719,0.0,-2,0,photo contest,photocon test,2
702,38.73100280761719,0.0,38.51628494262695,0.0,1,2,photocon test,photo con test,1
703,38.73100280761719,0.0,38.51628494262695,0.0,1,2,photocon test,photo con test,1
704,38.73100280761719,0.0,38.51628494262695,0.0,1,2,photocon test,photo con test,1
705,38.73100280761719,0.0,28.437488555908203,0.0,2,2,photocon test,photo contest,0
706,38.73100280761719,0.0,28.437488555908203,0.0,2,2,photocon test,photo contest,0
707,38.73100280761719,0.0,28.437488555908203,0.0,2,2,photocon test,photo contest,0
708,38.73100280761719,0.0,32.93380355834961,0.0,1,2,photocon test,photocontest,1
709,38.73100280761719,0.0,32.93380355834961,0.0,1,2,photocon test,photocontest,1
710,38.73100280761719,0.0,32.93380355834961,0.0,1,2,photocon test,photocontest,1
711,32.93380355834961,0.0,38.73100280761719,0.0,-1,1,photocontest,photocon test,2
712,32.93380355834961,0.0,38.73100280761719,0.0,-1,1,photocontest,photocon test,2
713,32.93380355834961,0.0,38.73100280761719,0.0,-1,1,photocontest,photocon test,2
714,32.93380355834961,0.0,28.437488555908203,0.0,1,1,photocontest,photo contest,0
715,32.93380355834961,0.0,28.437488555908203,0.0,1,1,photocontest,photo contest,0
716,32.93380355834961,0.0,28.437488555908203,0.0,1,1,photocontest,photo contest,0
717,32.93380355834961,0.0,38.51628494262695,0.0,0,1,photocontest,photo con test,1
718,32.93380355834961,0.0,38.51628494262695,0.0,0,1,photocontest,photo con test,1
719,32.93380355834961,0.0,38.51628494262695,0.0,0,1,photocontest,photo con test,1
720,40.6353874206543,0.0,24.75728988647461,0.0,1,1,p ower couple,power couple,0
721,40.6353874206543,0.0,24.75728988647461,0.0,1,1,p ower couple,power couple,0
722,40.6353874206543,0.0,24.75728988647461,0.0,1,1,p ower couple,power couple,0
723,40.6353874206543,0.0,28.357620239257812,0.0,0,1,p ower couple,powercouple,1
724,40.6353874206543,0.0,28.357620239257812,0.0,0,1,p ower couple,powercouple,1
725,40.6353874206543,0.0,28.357620239257812,0.0,0,1,p ower couple,powercouple,1
726,40.6353874206543,0.0,41.08952713012695,0.0,0,1,p ower couple,power coup le,1
727,40.6353874206543,0.0,41.08952713012695,0.0,0,1,p ower couple,power coup le,1
728,40.6353874206543,0.0,41.08952713012695,0.0,0,1,p ower couple,power coup le,1
729,41.08952713012695,0.0,24.75728988647461,0.0,1,1,power coup le,power couple,0
730,41.08952713012695,0.0,24.75728988647461,0.0,1,1,power coup le,power couple,0
731,41.08952713012695,0.0,24.75728988647461,0.0,1,1,power coup le,power couple,0
732,41.08952713012695,0.0,28.357620239257812,0.0,0,1,power coup le,powercouple,1
733,41.08952713012695,0.0,28.357620239257812,0.0,0,1,power coup le,powercouple,1
734,41.08952713012695,0.0,28.357620239257812,0.0,0,1,power coup le,powercouple,1
735,41.08952713012695,0.0,40.6353874206543,0.0,0,1,power coup le,p ower couple,1
736,41.08952713012695,0.0,40.6353874206543,0.0,0,1,power coup le,p ower couple,1
737,41.08952713012695,0.0,40.6353874206543,0.0,0,1,power coup le,p ower couple,1
738,24.75728988647461,0.0,28.357620239257812,0.0,-1,0,power couple,powercouple,1
739,24.75728988647461,0.0,28.357620239257812,0.0,-1,0,power couple,powercouple,1
740,24.75728988647461,0.0,28.357620239257812,0.0,-1,0,power couple,powercouple,1
741,24.75728988647461,0.0,41.08952713012695,0.0,-1,0,power couple,power coup le,1
742,24.75728988647461,0.0,41.08952713012695,0.0,-1,0,power couple,power coup le,1
743,24.75728988647461,0.0,41.08952713012695,0.0,-1,0,power couple,power coup le,1
744,24.75728988647461,0.0,40.6353874206543,0.0,-1,0,power couple,p ower couple,1
745,24.75728988647461,0.0,40.6353874206543,0.0,-1,0,power couple,p ower couple,1
746,24.75728988647461,0.0,40.6353874206543,0.0,-1,0,power couple,p ower couple,1
747,28.357620239257812,0.0,24.75728988647461,0.0,1,1,powercouple,power couple,0
748,28.357620239257812,0.0,24.75728988647461,0.0,1,1,powercouple,power couple,0
749,28.357620239257812,0.0,24.75728988647461,0.0,1,1,powercouple,power couple,0
750,28.357620239257812,0.0,41.08952713012695,0.0,0,1,powercouple,power coup le,1
751,28.357620239257812,0.0,41.08952713012695,0.0,0,1,powercouple,power coup le,1
752,28.357620239257812,0.0,41.08952713012695,0.0,0,1,powercouple,power coup le,1
753,28.357620239257812,0.0,40.6353874206543,0.0,0,1,powercouple,p ower couple,1
754,28.357620239257812,0.0,40.6353874206543,0.0,0,1,powercouple,p ower couple,1
755,28.357620239257812,0.0,40.6353874206543,0.0,0,1,powercouple,p ower couple,1
756,55.132469177246094,0.0,53.805782318115234,0.0,0,1,private school p robz,private schoolprobz,1
757,55.132469177246094,0.0,53.805782318115234,0.0,0,1,private school p robz,private schoolprobz,1
758,55.132469177246094,0.0,53.805782318115234,0.0,0,1,private school p robz,private schoolprobz,1
759,55.132469177246094,0.0,50.80759048461914,0.0,1,1,private school p robz,private school probz,0
760,55.132469177246094,0.0,50.80759048461914,0.0,1,1,private school p robz,private school probz,0
761,55.132469177246094,0.0,50.80759048461914,0.0,1,1,private school p robz,private school probz,0
762,55.132469177246094,0.0,54.27450180053711,0.0,0,1,private school p robz,private school prob z,1
763,55.132469177246094,0.0,54.27450180053711,0.0,0,1,private school p robz,private school prob z,1
764,55.132469177246094,0.0,54.27450180053711,0.0,0,1,private school p robz,private school prob z,1
765,54.27450180053711,0.0,55.132469177246094,0.0,0,1,private school prob z,private school p robz,1
766,54.27450180053711,0.0,55.132469177246094,0.0,0,1,private school prob z,private school p robz,1
767,54.27450180053711,0.0,55.132469177246094,0.0,0,1,private school prob z,private school p robz,1
768,54.27450180053711,0.0,53.805782318115234,0.0,0,1,private school prob z,private schoolprobz,1
769,54.27450180053711,0.0,53.805782318115234,0.0,0,1,private school prob z,private schoolprobz,1
770,54.27450180053711,0.0,53.805782318115234,0.0,0,1,private school prob z,private schoolprobz,1
771,54.27450180053711,0.0,50.80759048461914,0.0,1,1,private school prob z,private school probz,0
772,54.27450180053711,0.0,50.80759048461914,0.0,1,1,private school prob z,private school probz,0
773,54.27450180053711,0.0,50.80759048461914,0.0,1,1,private school prob z,private school probz,0
774,50.80759048461914,0.0,54.27450180053711,0.0,-1,0,private school probz,private school prob z,1
775,50.80759048461914,0.0,54.27450180053711,0.0,-1,0,private school probz,private school prob z,1
776,50.80759048461914,0.0,54.27450180053711,0.0,-1,0,private school probz,private school prob z,1
777,50.80759048461914,0.0,55.132469177246094,0.0,-1,0,private school probz,private school p robz,1
778,50.80759048461914,0.0,55.132469177246094,0.0,-1,0,private school probz,private school p robz,1
779,50.80759048461914,0.0,55.132469177246094,0.0,-1,0,private school probz,private school p robz,1
780,50.80759048461914,0.0,53.805782318115234,0.0,-1,0,private school probz,private schoolprobz,1
781,50.80759048461914,0.0,53.805782318115234,0.0,-1,0,private school probz,private schoolprobz,1
782,50.80759048461914,0.0,53.805782318115234,0.0,-1,0,private school probz,private schoolprobz,1
783,53.805782318115234,0.0,55.132469177246094,0.0,0,1,private schoolprobz,private school p robz,1
784,53.805782318115234,0.0,55.132469177246094,0.0,0,1,private schoolprobz,private school p robz,1
785,53.805782318115234,0.0,55.132469177246094,0.0,0,1,private schoolprobz,private school p robz,1
786,53.805782318115234,0.0,50.80759048461914,0.0,1,1,private schoolprobz,private school probz,0
787,53.805782318115234,0.0,50.80759048461914,0.0,1,1,private schoolprobz,private school probz,0
788,53.805782318115234,0.0,50.80759048461914,0.0,1,1,private schoolprobz,private school probz,0
789,53.805782318115234,0.0,54.27450180053711,0.0,0,1,private schoolprobz,private school prob z,1
790,53.805782318115234,0.0,54.27450180053711,0.0,0,1,private schoolprobz,private school prob z,1
791,53.805782318115234,0.0,54.27450180053711,0.0,0,1,private schoolprobz,private school prob z,1
792,27.146621704101562,0.0,22.051097869873047,0.0,1,2,r unit,runit,1
793,27.146621704101562,0.0,22.051097869873047,0.0,1,2,r unit,runit,1
794,27.146621704101562,0.0,22.051097869873047,0.0,1,2,r unit,runit,1
795,27.146621704101562,0.0,22.189334869384766,0.0,2,2,r unit,run it,0
796,27.146621704101562,0.0,22.189334869384766,0.0,2,2,r unit,run it,0
797,27.146621704101562,0.0,22.189334869384766,0.0,2,2,r unit,run it,0
798,27.146621704101562,0.0,30.70250701904297,0.0,0,2,r unit,ru nit,2
799,27.146621704101562,0.0,30.70250701904297,0.0,0,2,r unit,ru nit,2
800,27.146621704101562,0.0,30.70250701904297,0.0,0,2,r unit,ru nit,2
801,30.70250701904297,0.0,22.189334869384766,0.0,2,2,ru nit,run it,0
802,30.70250701904297,0.0,22.189334869384766,0.0,2,2,ru nit,run it,0
803,30.70250701904297,0.0,22.189334869384766,0.0,2,2,ru nit,run it,0
804,30.70250701904297,0.0,27.146621704101562,0.0,0,2,ru nit,r unit,2
805,30.70250701904297,0.0,27.146621704101562,0.0,0,2,ru nit,r unit,2
806,30.70250701904297,0.0,27.146621704101562,0.0,0,2,ru nit,r unit,2
807,30.70250701904297,0.0,22.051097869873047,0.0,1,2,ru nit,runit,1
808,30.70250701904297,0.0,22.051097869873047,0.0,1,2,ru nit,runit,1
809,30.70250701904297,0.0,22.051097869873047,0.0,1,2,ru nit,runit,1
810,22.189334869384766,0.0,22.051097869873047,0.0,-1,0,run it,runit,1
811,22.189334869384766,0.0,22.051097869873047,0.0,-1,0,run it,runit,1
812,22.189334869384766,0.0,22.051097869873047,0.0,-1,0,run it,runit,1
813,22.189334869384766,0.0,27.146621704101562,0.0,-2,0,run it,r unit,2
814,22.189334869384766,0.0,27.146621704101562,0.0,-2,0,run it,r unit,2
815,22.189334869384766,0.0,27.146621704101562,0.0,-2,0,run it,r unit,2
816,22.189334869384766,0.0,30.70250701904297,0.0,-2,0,run it,ru nit,2
817,22.189334869384766,0.0,30.70250701904297,0.0,-2,0,run it,ru nit,2
818,22.189334869384766,0.0,30.70250701904297,0.0,-2,0,run it,ru nit,2
819,22.051097869873047,0.0,27.146621704101562,0.0,-1,1,runit,r unit,2
820,22.051097869873047,0.0,27.146621704101562,0.0,-1,1,runit,r unit,2
821,22.051097869873047,0.0,27.146621704101562,0.0,-1,1,runit,r unit,2
822,22.051097869873047,0.0,30.70250701904297,0.0,-1,1,runit,ru nit,2
823,22.051097869873047,0.0,30.70250701904297,0.0,-1,1,runit,ru nit,2
824,22.051097869873047,0.0,30.70250701904297,0.0,-1,1,runit,ru nit,2
825,22.051097869873047,0.0,22.189334869384766,0.0,1,1,runit,run it,0
826,22.051097869873047,0.0,22.189334869384766,0.0,1,1,runit,run it,0
827,22.051097869873047,0.0,22.189334869384766,0.0,1,1,runit,run it,0
828,26.435333251953125,0.0,32.731754302978516,0.0,-1,0,season 1 episode 2,season 1episode 2,1
829,26.435333251953125,0.0,32.731754302978516,0.0,-1,0,season 1 episode 2,season 1episode 2,1
830,26.435333251953125,0.0,32.731754302978516,0.0,-1,0,season 1 episode 2,season 1episode 2,1
831,26.435333251953125,0.0,33.92113494873047,0.0,-1,0,season 1 episode 2,season1 episode 2,1
832,26.435333251953125,0.0,33.92113494873047,0.0,-1,0,season 1 episode 2,season1 episode 2,1
833,26.435333251953125,0.0,33.92113494873047,0.0,-1,0,season 1 episode 2,season1 episode 2,1
834,26.435333251953125,0.0,32.92609405517578,0.0,-3,0,season 1 episode 2,season1episode2,3
835,26.435333251953125,0.0,32.92609405517578,0.0,-3,0,season 1 episode 2,season1episode2,3
836,26.435333251953125,0.0,32.92609405517578,0.0,-3,0,season 1 episode 2,season1episode2,3
837,32.731754302978516,0.0,26.435333251953125,0.0,1,1,season 1episode 2,season 1 episode 2,0
838,32.731754302978516,0.0,26.435333251953125,0.0,1,1,season 1episode 2,season 1 episode 2,0
839,32.731754302978516,0.0,26.435333251953125,0.0,1,1,season 1episode 2,season 1 episode 2,0
840,32.731754302978516,0.0,33.92113494873047,0.0,0,1,season 1episode 2,season1 episode 2,1
841,32.731754302978516,0.0,33.92113494873047,0.0,0,1,season 1episode 2,season1 episode 2,1
842,32.731754302978516,0.0,33.92113494873047,0.0,0,1,season 1episode 2,season1 episode 2,1
843,32.731754302978516,0.0,32.92609405517578,0.0,-2,1,season 1episode 2,season1episode2,3
844,32.731754302978516,0.0,32.92609405517578,0.0,-2,1,season 1episode 2,season1episode2,3
845,32.731754302978516,0.0,32.92609405517578,0.0,-2,1,season 1episode 2,season1episode2,3
846,33.92113494873047,0.0,32.731754302978516,0.0,0,1,season1 episode 2,season 1episode 2,1
847,33.92113494873047,0.0,32.731754302978516,0.0,0,1,season1 episode 2,season 1episode 2,1
848,33.92113494873047,0.0,32.731754302978516,0.0,0,1,season1 episode 2,season 1episode 2,1
849,33.92113494873047,0.0,26.435333251953125,0.0,1,1,season1 episode 2,season 1 episode 2,0
850,33.92113494873047,0.0,26.435333251953125,0.0,1,1,season1 episode 2,season 1 episode 2,0
851,33.92113494873047,0.0,26.435333251953125,0.0,1,1,season1 episode 2,season 1 episode 2,0
852,33.92113494873047,0.0,32.92609405517578,0.0,-2,1,season1 episode 2,season1episode2,3
853,33.92113494873047,0.0,32.92609405517578,0.0,-2,1,season1 episode 2,season1episode2,3
854,33.92113494873047,0.0,32.92609405517578,0.0,-2,1,season1 episode 2,season1episode2,3
855,32.92609405517578,0.0,33.92113494873047,0.0,2,3,season1episode2,season1 episode 2,1
856,32.92609405517578,0.0,33.92113494873047,0.0,2,3,season1episode2,season1 episode 2,1
857,32.92609405517578,0.0,33.92113494873047,0.0,2,3,season1episode2,season1 episode 2,1
858,32.92609405517578,0.0,32.731754302978516,0.0,2,3,season1episode2,season 1episode 2,1
859,32.92609405517578,0.0,32.731754302978516,0.0,2,3,season1episode2,season 1episode 2,1
860,32.92609405517578,0.0,32.731754302978516,0.0,2,3,season1episode2,season 1episode 2,1
861,32.92609405517578,0.0,26.435333251953125,0.0,3,3,season1episode2,season 1 episode 2,0
862,32.92609405517578,0.0,26.435333251953125,0.0,3,3,season1episode2,season 1 episode 2,0
863,32.92609405517578,0.0,26.435333251953125,0.0,3,3,season1episode2,season 1 episode 2,0
864,35.19116973876953,0.0,35.28081512451172,0.0,-1,1,s ports news,sport snews,2
865,35.19116973876953,0.0,35.28081512451172,0.0,-1,1,s ports news,sport snews,2
866,35.19116973876953,0.0,35.28081512451172,0.0,-1,1,s ports news,sport snews,2
867,35.19116973876953,0.0,24.214141845703125,0.0,1,1,s ports news,sports news,0
868,35.19116973876953,0.0,24.214141845703125,0.0,1,1,s ports news,sports news,0
869,35.19116973876953,0.0,24.214141845703125,0.0,1,1,s ports news,sports news,0
870,35.19116973876953,0.0,25.38372039794922,0.0,0,1,s ports news,sportsnews,1
871,35.19116973876953,0.0,25.38372039794922,0.0,0,1,s ports news,sportsnews,1
872,35.19116973876953,0.0,25.38372039794922,0.0,0,1,s ports news,sportsnews,1
873,35.28081512451172,0.0,25.38372039794922,0.0,1,2,sport snews,sportsnews,1
874,35.28081512451172,0.0,25.38372039794922,0.0,1,2,sport snews,sportsnews,1
875,35.28081512451172,0.0,25.38372039794922,0.0,1,2,sport snews,sportsnews,1
876,35.28081512451172,0.0,24.214141845703125,0.0,2,2,sport snews,sports news,0
877,35.28081512451172,0.0,24.214141845703125,0.0,2,2,sport snews,sports news,0
878,35.28081512451172,0.0,24.214141845703125,0.0,2,2,sport snews,sports news,0
879,35.28081512451172,0.0,35.19116973876953,0.0,1,2,sport snews,s ports news,1
880,35.28081512451172,0.0,35.19116973876953,0.0,1,2,sport snews,s ports news,1
881,35.28081512451172,0.0,35.19116973876953,0.0,1,2,sport snews,s ports news,1
882,24.214141845703125,0.0,25.38372039794922,0.0,-1,0,sports news,sportsnews,1
883,24.214141845703125,0.0,25.38372039794922,0.0,-1,0,sports news,sportsnews,1
884,24.214141845703125,0.0,25.38372039794922,0.0,-1,0,sports news,sportsnews,1
885,24.214141845703125,0.0,35.19116973876953,0.0,-1,0,sports news,s ports news,1
886,24.214141845703125,0.0,35.19116973876953,0.0,-1,0,sports news,s ports news,1
887,24.214141845703125,0.0,35.19116973876953,0.0,-1,0,sports news,s ports news,1
888,24.214141845703125,0.0,35.28081512451172,0.0,-2,0,sports news,sport snews,2
889,24.214141845703125,0.0,35.28081512451172,0.0,-2,0,sports news,sport snews,2
890,24.214141845703125,0.0,35.28081512451172,0.0,-2,0,sports news,sport snews,2
891,25.38372039794922,0.0,35.19116973876953,0.0,0,1,sportsnews,s ports news,1
892,25.38372039794922,0.0,35.19116973876953,0.0,0,1,sportsnews,s ports news,1
893,25.38372039794922,0.0,35.19116973876953,0.0,0,1,sportsnews,s ports news,1
894,25.38372039794922,0.0,35.28081512451172,0.0,-1,1,sportsnews,sport snews,2
895,25.38372039794922,0.0,35.28081512451172,0.0,-1,1,sportsnews,sport snews,2
896,25.38372039794922,0.0,35.28081512451172,0.0,-1,1,sportsnews,sport snews,2
897,25.38372039794922,0.0,24.214141845703125,0.0,1,1,sportsnews,sports news,0
898,25.38372039794922,0.0,24.214141845703125,0.0,1,1,sportsnews,sports news,0
899,25.38372039794922,0.0,24.214141845703125,0.0,1,1,sportsnews,sports news,0
900,36.50029373168945,0.0,35.202125549316406,0.0,0,1,that s my daddy,thats mydaddy,1
901,36.50029373168945,0.0,35.202125549316406,0.0,0,1,that s my daddy,thats mydaddy,1
902,36.50029373168945,0.0,35.202125549316406,0.0,0,1,that s my daddy,thats mydaddy,1
903,36.50029373168945,0.0,32.80188751220703,0.0,-1,1,that s my daddy,thatsmydaddy,2
904,36.50029373168945,0.0,32.80188751220703,0.0,-1,1,that s my daddy,thatsmydaddy,2
905,36.50029373168945,0.0,32.80188751220703,0.0,-1,1,that s my daddy,thatsmydaddy,2
906,36.50029373168945,0.0,28.766754150390625,0.0,1,1,that s my daddy,thats my daddy,0
907,36.50029373168945,0.0,28.766754150390625,0.0,1,1,that s my daddy,thats my daddy,0
908,36.50029373168945,0.0,28.766754150390625,0.0,1,1,that s my daddy,thats my daddy,0
909,28.766754150390625,0.0,35.202125549316406,0.0,-1,0,thats my daddy,thats mydaddy,1
910,28.766754150390625,0.0,35.202125549316406,0.0,-1,0,thats my daddy,thats mydaddy,1
911,28.766754150390625,0.0,35.202125549316406,0.0,-1,0,thats my daddy,thats mydaddy,1
912,28.766754150390625,0.0,32.80188751220703,0.0,-2,0,thats my daddy,thatsmydaddy,2
913,28.766754150390625,0.0,32.80188751220703,0.0,-2,0,thats my daddy,thatsmydaddy,2
914,28.766754150390625,0.0,32.80188751220703,0.0,-2,0,thats my daddy,thatsmydaddy,2
915,28.766754150390625,0.0,36.50029373168945,0.0,-1,0,thats my daddy,that s my daddy,1
916,28.766754150390625,0.0,36.50029373168945,0.0,-1,0,thats my daddy,that s my daddy,1
917,28.766754150390625,0.0,36.50029373168945,0.0,-1,0,thats my daddy,that s my daddy,1
918,35.202125549316406,0.0,28.766754150390625,0.0,1,1,thats mydaddy,thats my daddy,0
919,35.202125549316406,0.0,28.766754150390625,0.0,1,1,thats mydaddy,thats my daddy,0
920,35.202125549316406,0.0,28.766754150390625,0.0,1,1,thats mydaddy,thats my daddy,0
921,35.202125549316406,0.0,36.50029373168945,0.0,0,1,thats mydaddy,that s my daddy,1
922,35.202125549316406,0.0,36.50029373168945,0.0,0,1,thats mydaddy,that s my daddy,1
923,35.202125549316406,0.0,36.50029373168945,0.0,0,1,thats mydaddy,that s my daddy,1
924,35.202125549316406,0.0,32.80188751220703,0.0,-1,1,thats mydaddy,thatsmydaddy,2
925,35.202125549316406,0.0,32.80188751220703,0.0,-1,1,thats mydaddy,thatsmydaddy,2
926,35.202125549316406,0.0,32.80188751220703,0.0,-1,1,thats mydaddy,thatsmydaddy,2
927,32.80188751220703,0.0,35.202125549316406,0.0,1,2,thatsmydaddy,thats mydaddy,1
928,32.80188751220703,0.0,35.202125549316406,0.0,1,2,thatsmydaddy,thats mydaddy,1
929,32.80188751220703,0.0,35.202125549316406,0.0,1,2,thatsmydaddy,thats mydaddy,1
930,32.80188751220703,0.0,28.766754150390625,0.0,2,2,thatsmydaddy,thats my daddy,0
931,32.80188751220703,0.0,28.766754150390625,0.0,2,2,thatsmydaddy,thats my daddy,0
932,32.80188751220703,0.0,28.766754150390625,0.0,2,2,thatsmydaddy,thats my daddy,0
933,32.80188751220703,0.0,36.50029373168945,0.0,1,2,thatsmydaddy,that s my daddy,1
934,32.80188751220703,0.0,36.50029373168945,0.0,1,2,thatsmydaddy,that s my daddy,1
935,32.80188751220703,0.0,36.50029373168945,0.0,1,2,thatsmydaddy,that s my daddy,1
936,26.356441497802734,0.0,25.069427490234375,0.0,1,1,the grand master,the grandmaster,0
937,26.356441497802734,0.0,25.069427490234375,0.0,1,1,the grand master,the grandmaster,0
938,26.356441497802734,0.0,25.069427490234375,0.0,1,1,the grand master,the grandmaster,0
939,26.356441497802734,0.0,34.40053939819336,0.0,-1,1,the grand master,thegrand master,2
940,26.356441497802734,0.0,34.40053939819336,0.0,-1,1,the grand master,thegrand master,2
941,26.356441497802734,0.0,34.40053939819336,0.0,-1,1,the grand master,thegrand master,2
942,26.356441497802734,0.0,27.447715759277344,0.0,0,1,the grand master,thegrandmaster,1
943,26.356441497802734,0.0,27.447715759277344,0.0,0,1,the grand master,thegrandmaster,1
944,26.356441497802734,0.0,27.447715759277344,0.0,0,1,the grand master,thegrandmaster,1
945,25.069427490234375,0.0,34.40053939819336,0.0,-2,0,the grandmaster,thegrand master,2
946,25.069427490234375,0.0,34.40053939819336,0.0,-2,0,the grandmaster,thegrand master,2
947,25.069427490234375,0.0,34.40053939819336,0.0,-2,0,the grandmaster,thegrand master,2
948,25.069427490234375,0.0,27.447715759277344,0.0,-1,0,the grandmaster,thegrandmaster,1
949,25.069427490234375,0.0,27.447715759277344,0.0,-1,0,the grandmaster,thegrandmaster,1
950,25.069427490234375,0.0,27.447715759277344,0.0,-1,0,the grandmaster,thegrandmaster,1
951,25.069427490234375,0.0,26.356441497802734,0.0,-1,0,the grandmaster,the grand master,1
952,25.069427490234375,0.0,26.356441497802734,0.0,-1,0,the grandmaster,the grand master,1
953,25.069427490234375,0.0,26.356441497802734,0.0,-1,0,the grandmaster,the grand master,1
954,34.40053939819336,0.0,26.356441497802734,0.0,1,2,thegrand master,the grand master,1
955,34.40053939819336,0.0,26.356441497802734,0.0,1,2,thegrand master,the grand master,1
956,34.40053939819336,0.0,26.356441497802734,0.0,1,2,thegrand master,the grand master,1
957,34.40053939819336,0.0,25.069427490234375,0.0,2,2,thegrand master,the grandmaster,0
958,34.40053939819336,0.0,25.069427490234375,0.0,2,2,thegrand master,the grandmaster,0
959,34.40053939819336,0.0,25.069427490234375,0.0,2,2,thegrand master,the grandmaster,0
960,34.40053939819336,0.0,27.447715759277344,0.0,1,2,thegrand master,thegrandmaster,1
961,34.40053939819336,0.0,27.447715759277344,0.0,1,2,thegrand master,thegrandmaster,1
962,34.40053939819336,0.0,27.447715759277344,0.0,1,2,thegrand master,thegrandmaster,1
963,27.447715759277344,0.0,25.069427490234375,0.0,1,1,thegrandmaster,the grandmaster,0
964,27.447715759277344,0.0,25.069427490234375,0.0,1,1,thegrandmaster,the grandmaster,0
965,27.447715759277344,0.0,25.069427490234375,0.0,1,1,thegrandmaster,the grandmaster,0
966,27.447715759277344,0.0,34.40053939819336,0.0,-1,1,thegrandmaster,thegrand master,2
967,27.447715759277344,0.0,34.40053939819336,0.0,-1,1,thegrandmaster,thegrand master,2
968,27.447715759277344,0.0,34.40053939819336,0.0,-1,1,thegrandmaster,thegrand master,2
969,27.447715759277344,0.0,26.356441497802734,0.0,0,1,thegrandmaster,the grand master,1
970,27.447715759277344,0.0,26.356441497802734,0.0,0,1,thegrandmaster,the grand master,1
971,27.447715759277344,0.0,26.356441497802734,0.0,0,1,thegrandmaster,the grand master,1
972,27.446876525878906,0.0,36.745635986328125,0.0,-1,0,trying to sleep,trying tosleep,1
973,27.446876525878906,0.0,36.745635986328125,0.0,-1,0,trying to sleep,trying tosleep,1
974,27.446876525878906,0.0,36.745635986328125,0.0,-1,0,trying to sleep,trying tosleep,1
975,27.446876525878906,0.0,35.252525329589844,0.0,-1,0,trying to sleep,tryingto sleep,1
976,27.446876525878906,0.0,35.252525329589844,0.0,-1,0,trying to sleep,tryingto sleep,1
977,27.446876525878906,0.0,35.252525329589844,0.0,-1,0,trying to sleep,tryingto sleep,1
978,27.446876525878906,0.0,37.44496154785156,0.0,-2,0,trying to sleep,tryingtosleep,2
979,27.446876525878906,0.0,37.44496154785156,0.0,-2,0,trying to sleep,tryingtosleep,2
980,27.446876525878906,0.0,37.44496154785156,0.0,-2,0,trying to sleep,tryingtosleep,2
981,36.745635986328125,0.0,37.44496154785156,0.0,-1,1,trying tosleep,tryingtosleep,2
982,36.745635986328125,0.0,37.44496154785156,0.0,-1,1,trying tosleep,tryingtosleep,2
983,36.745635986328125,0.0,37.44496154785156,0.0,-1,1,trying tosleep,tryingtosleep,2
984,36.745635986328125,0.0,27.446876525878906,0.0,1,1,trying tosleep,trying to sleep,0
985,36.745635986328125,0.0,27.446876525878906,0.0,1,1,trying tosleep,trying to sleep,0
986,36.745635986328125,0.0,27.446876525878906,0.0,1,1,trying tosleep,trying to sleep,0
987,36.745635986328125,0.0,35.252525329589844,0.0,0,1,trying tosleep,tryingto sleep,1
988,36.745635986328125,0.0,35.252525329589844,0.0,0,1,trying tosleep,tryingto sleep,1
989,36.745635986328125,0.0,35.252525329589844,0.0,0,1,trying tosleep,tryingto sleep,1
990,35.252525329589844,0.0,37.44496154785156,0.0,-1,1,tryingto sleep,tryingtosleep,2
991,35.252525329589844,0.0,37.44496154785156,0.0,-1,1,tryingto sleep,tryingtosleep,2
992,35.252525329589844,0.0,37.44496154785156,0.0,-1,1,tryingto sleep,tryingtosleep,2
993,35.252525329589844,0.0,36.745635986328125,0.0,0,1,tryingto sleep,trying tosleep,1
994,35.252525329589844,0.0,36.745635986328125,0.0,0,1,tryingto sleep,trying tosleep,1
995,35.252525329589844,0.0,36.745635986328125,0.0,0,1,tryingto sleep,trying tosleep,1
996,35.252525329589844,0.0,27.446876525878906,0.0,1,1,tryingto sleep,trying to sleep,0
997,35.252525329589844,0.0,27.446876525878906,0.0,1,1,tryingto sleep,trying to sleep,0
998,35.252525329589844,0.0,27.446876525878906,0.0,1,1,tryingto sleep,trying to sleep,0
999,37.44496154785156,0.0,35.252525329589844,0.0,1,2,tryingtosleep,tryingto sleep,1
1000,37.44496154785156,0.0,35.252525329589844,0.0,1,2,tryingtosleep,tryingto sleep,1
1001,37.44496154785156,0.0,35.252525329589844,0.0,1,2,tryingtosleep,tryingto sleep,1
1002,37.44496154785156,0.0,36.745635986328125,0.0,1,2,tryingtosleep,trying tosleep,1
1003,37.44496154785156,0.0,36.745635986328125,0.0,1,2,tryingtosleep,trying tosleep,1
1004,37.44496154785156,0.0,36.745635986328125,0.0,1,2,tryingtosleep,trying tosleep,1
1005,37.44496154785156,0.0,27.446876525878906,0.0,2,2,tryingtosleep,trying to sleep,0
1006,37.44496154785156,0.0,27.446876525878906,0.0,2,2,tryingtosleep,trying to sleep,0
1007,37.44496154785156,0.0,27.446876525878906,0.0,2,2,tryingtosleep,trying to sleep,0
1008,26.933700561523438,0.0,29.842559814453125,0.0,-2,0,what a dream,whatadream,2
1009,26.933700561523438,0.0,29.842559814453125,0.0,-2,0,what a dream,whatadream,2
1010,26.933700561523438,0.0,29.842559814453125,0.0,-2,0,what a dream,whatadream,2
1011,26.933700561523438,0.0,34.67757797241211,0.0,-1,0,what a dream,whata dream,1
1012,26.933700561523438,0.0,34.67757797241211,0.0,-1,0,what a dream,whata dream,1
1013,26.933700561523438,0.0,34.67757797241211,0.0,-1,0,what a dream,whata dream,1
1014,26.933700561523438,0.0,36.08204650878906,0.0,-1,0,what a dream,what adream,1
1015,26.933700561523438,0.0,36.08204650878906,0.0,-1,0,what a dream,what adream,1
1016,26.933700561523438,0.0,36.08204650878906,0.0,-1,0,what a dream,what adream,1
1017,36.08204650878906,0.0,26.933700561523438,0.0,1,1,what adream,what a dream,0
1018,36.08204650878906,0.0,26.933700561523438,0.0,1,1,what adream,what a dream,0
1019,36.08204650878906,0.0,26.933700561523438,0.0,1,1,what adream,what a dream,0
1020,36.08204650878906,0.0,29.842559814453125,0.0,-1,1,what adream,whatadream,2
1021,36.08204650878906,0.0,29.842559814453125,0.0,-1,1,what adream,whatadream,2
1022,36.08204650878906,0.0,29.842559814453125,0.0,-1,1,what adream,whatadream,2
1023,36.08204650878906,0.0,34.67757797241211,0.0,0,1,what adream,whata dream,1
1024,36.08204650878906,0.0,34.67757797241211,0.0,0,1,what adream,whata dream,1
1025,36.08204650878906,0.0,34.67757797241211,0.0,0,1,what adream,whata dream,1
1026,34.67757797241211,0.0,26.933700561523438,0.0,1,1,whata dream,what a dream,0
1027,34.67757797241211,0.0,26.933700561523438,0.0,1,1,whata dream,what a dream,0
1028,34.67757797241211,0.0,26.933700561523438,0.0,1,1,whata dream,what a dream,0
1029,34.67757797241211,0.0,36.08204650878906,0.0,0,1,whata dream,what adream,1
1030,34.67757797241211,0.0,36.08204650878906,0.0,0,1,whata dream,what adream,1
1031,34.67757797241211,0.0,36.08204650878906,0.0,0,1,whata dream,what adream,1
1032,34.67757797241211,0.0,29.842559814453125,0.0,-1,1,whata dream,whatadream,2
1033,34.67757797241211,0.0,29.842559814453125,0.0,-1,1,whata dream,whatadream,2
1034,34.67757797241211,0.0,29.842559814453125,0.0,-1,1,whata dream,whatadream,2
1035,29.842559814453125,0.0,34.67757797241211,0.0,1,2,whatadream,whata dream,1
1036,29.842559814453125,0.0,34.67757797241211,0.0,1,2,whatadream,whata dream,1
1037,29.842559814453125,0.0,34.67757797241211,0.0,1,2,whatadream,whata dream,1
1038,29.842559814453125,0.0,26.933700561523438,0.0,2,2,whatadream,what a dream,0
1039,29.842559814453125,0.0,26.933700561523438,0.0,2,2,whatadream,what a dream,0
1040,29.842559814453125,0.0,26.933700561523438,0.0,2,2,whatadream,what a dream,0
1041,29.842559814453125,0.0,36.08204650878906,0.0,1,2,whatadream,what adream,1
1042,29.842559814453125,0.0,36.08204650878906,0.0,1,2,whatadream,what adream,1
1043,29.842559814453125,0.0,36.08204650878906,0.0,1,2,whatadream,what adream,1
1044,41.91924285888672,0.0,36.92445373535156,0.0,-1,1,w hat else is new,what elseisnew,2
1045,41.91924285888672,0.0,36.92445373535156,0.0,-1,1,w hat else is new,what elseisnew,2
1046,41.91924285888672,0.0,36.92445373535156,0.0,-1,1,w hat else is new,what elseisnew,2
1047,41.91924285888672,0.0,35.58381652832031,0.0,0,1,w hat else is new,what elseis new,1
1048,41.91924285888672,0.0,35.58381652832031,0.0,0,1,w hat else is new,what elseis new,1
1049,41.91924285888672,0.0,35.58381652832031,0.0,0,1,w hat else is new,what elseis new,1
1050,41.91924285888672,0.0,26.349754333496094,0.0,1,1,w hat else is new,what else is new,0
1051,41.91924285888672,0.0,26.349754333496094,0.0,1,1,w hat else is new,what else is new,0
1052,41.91924285888672,0.0,26.349754333496094,0.0,1,1,w hat else is new,what else is new,0
1053,26.349754333496094,0.0,41.91924285888672,0.0,-1,0,what else is new,w hat else is new,1
1054,26.349754333496094,0.0,41.91924285888672,0.0,-1,0,what else is new,w hat else is new,1
1055,26.349754333496094,0.0,41.91924285888672,0.0,-1,0,what else is new,w hat else is new,1
1056,26.349754333496094,0.0,36.92445373535156,0.0,-2,0,what else is new,what elseisnew,2
1057,26.349754333496094,0.0,36.92445373535156,0.0,-2,0,what else is new,what elseisnew,2
1058,26.349754333496094,0.0,36.92445373535156,0.0,-2,0,what else is new,what elseisnew,2
1059,26.349754333496094,0.0,35.58381652832031,0.0,-1,0,what else is new,what elseis new,1
1060,26.349754333496094,0.0,35.58381652832031,0.0,-1,0,what else is new,what elseis new,1
1061,26.349754333496094,0.0,35.58381652832031,0.0,-1,0,what else is new,what elseis new,1
1062,35.58381652832031,0.0,41.91924285888672,0.0,0,1,what elseis new,w hat else is new,1
1063,35.58381652832031,0.0,41.91924285888672,0.0,0,1,what elseis new,w hat else is new,1
1064,35.58381652832031,0.0,41.91924285888672,0.0,0,1,what elseis new,w hat else is new,1
1065,35.58381652832031,0.0,26.349754333496094,0.0,1,1,what elseis new,what else is new,0
1066,35.58381652832031,0.0,26.349754333496094,0.0,1,1,what elseis new,what else is new,0
1067,35.58381652832031,0.0,26.349754333496094,0.0,1,1,what elseis new,what else is new,0
1068,35.58381652832031,0.0,36.92445373535156,0.0,-1,1,what elseis new,what elseisnew,2
1069,35.58381652832031,0.0,36.92445373535156,0.0,-1,1,what elseis new,what elseisnew,2
1070,35.58381652832031,0.0,36.92445373535156,0.0,-1,1,what elseis new,what elseisnew,2
1071,36.92445373535156,0.0,41.91924285888672,0.0,1,2,what elseisnew,w hat else is new,1
1072,36.92445373535156,0.0,41.91924285888672,0.0,1,2,what elseisnew,w hat else is new,1
1073,36.92445373535156,0.0,41.91924285888672,0.0,1,2,what elseisnew,w hat else is new,1
1074,36.92445373535156,0.0,26.349754333496094,0.0,2,2,what elseisnew,what else is new,0
1075,36.92445373535156,0.0,26.349754333496094,0.0,2,2,what elseisnew,what else is new,0
1076,36.92445373535156,0.0,26.349754333496094,0.0,2,2,what elseisnew,what else is new,0
1077,36.92445373535156,0.0,35.58381652832031,0.0,1,2,what elseisnew,what elseis new,1
1078,36.92445373535156,0.0,35.58381652832031,0.0,1,2,what elseisnew,what elseis new,1
1079,36.92445373535156,0.0,35.58381652832031,0.0,1,2,what elseisnew,what elseis new,1
